number,RFF1,RFF2,RFF3,RFF6,RAF1,RAF3,RAF4,RAF5,ATT1,ATT2,ATT4,ATT6,INT1,INT2,INT3,INT4,TA1,TA3,TA4,TA5,HM1,HM3,HM4,HM6,EC1,EC2,EC4,EC6
1,5,5,6,7,5,7,7,6,6,6,5,6,5,4,5,5,5,6,6,5,2,5,4,5,2,2,3,2
2,7,7,7,7,4,5,4,4,7,7,7,7,7,7,7,7,7,7,7,7,5,6,5,4,1,1,1,1
3,6,6,5,6,5,2,3,3,7,6,6,5,6,6,6,6,7,5,6,4,6,7,7,7,1,1,2,1
4,6,6,6,6,6,6,6,6,6,6,6,6,6,6,6,6,6,6,6,7,6,6,6,6,2,2,2,2
5,7,6,6,7,7,7,7,7,7,7,7,7,3,3,5,3,7,7,7,7,4,6,6,1,1,1,1,1
6,7,7,7,7,5,7,7,7,7,7,7,7,7,7,7,7,4,7,7,7,4,7,1,1,1,1,1,1
7,6,6,6,6,3,4,4,3,6,6,6,6,6,6,6,6,6,6,6,6,6,6,6,4,2,2,2,2
8,6,5,5,7,7,6,6,6,7,7,7,7,6,6,6,6,6,6,6,6,6,6,5,5,1,1,2,1
9,7,6,6,7,6,6,5,5,6,6,5,6,6,5,6,6,6,7,6,7,3,5,4,3,1,1,1,1
10,4,5,5,5,7,4,4,4,7,7,7,7,4,4,4,4,7,7,7,7,5,7,5,5,1,1,1,1
11,6,6,6,6,5,6,6,6,6,6,5,6,6,6,6,6,6,6,6,6,6,6,3,1,2,2,2,2
12,5,5,5,7,5,6,6,6,7,6,6,6,4,5,5,4,7,7,6,6,7,6,6,5,1,1,1,1
13,7,7,7,7,2,1,1,1,7,7,7,7,7,7,7,7,7,7,7,7,7,6,5,5,1,1,1,1
14,7,7,7,7,7,7,7,7,7,7,7,7,7,7,7,7,7,6,6,6,6,6,6,6,2,2,2,2
15,6,6,6,6,7,4,5,5,7,5,6,6,6,6,6,4,7,6,5,5,6,6,6,5,1,1,2,2
16,7,7,7,7,4,5,1,1,7,7,7,7,7,7,7,7,7,7,7,7,7,7,4,5,1,1,1,1
17,7,7,7,7,5,6,6,6,7,4,6,6,6,6,7,5,5,4,4,6,2,6,2,4,1,1,1,1
18,7,7,7,7,7,7,7,7,7,7,7,7,7,7,7,2,7,7,7,7,2,6,5,7,1,1,1,1
19,7,7,7,6,3,4,5,6,6,6,6,6,7,7,7,6,6,6,6,6,4,5,6,4,1,1,1,1
20,5,5,5,7,5,5,6,7,7,7,7,7,7,7,7,6,6,6,7,6,5,5,5,4,1,1,3,1
21,7,7,7,7,5,5,3,5,7,7,7,7,7,7,7,7,7,7,7,7,4,5,5,3,1,1,1,1
22,7,7,7,7,7,7,7,7,7,7,7,7,6,7,7,7,7,7,7,7,7,7,7,7,1,1,1,1
23,6,6,6,6,6,6,6,6,6,6,6,6,6,6,6,5,6,6,5,6,6,6,6,5,2,3,3,2
24,7,7,7,7,4,5,5,5,7,7,7,7,7,7,7,7,7,7,7,7,7,7,7,5,1,1,1,1
25,6,5,6,6,6,6,6,6,6,7,7,7,6,6,7,6,6,6,6,6,6,6,6,6,2,2,2,2
26,6,6,6,6,4,4,2,5,5,6,6,6,6,6,6,6,6,6,6,6,6,6,6,6,2,2,2,2
27,7,7,7,7,5,7,7,7,5,7,7,7,7,7,7,7,5,4,4,1,4,5,3,1,1,1,1,1
28,6,5,5,7,5,4,5,5,6,6,6,6,6,6,6,6,6,6,6,6,6,6,6,4,2,2,2,2
29,6,6,6,6,5,6,6,5,6,5,5,6,6,6,7,5,6,6,6,7,5,6,5,5,2,3,3,3
30,6,6,6,7,6,6,6,6,5,6,6,6,6,6,6,6,6,6,6,6,6,5,6,6,2,2,2,2
31,7,7,7,7,4,7,4,4,7,7,7,7,7,7,7,7,7,7,7,7,4,4,4,2,1,1,1,1
32,6,6,6,6,5,5,5,4,6,6,6,6,5,5,6,6,6,6,6,6,6,6,6,4,2,2,3,2
33,6,6,6,5,7,6,6,7,5,6,6,4,5,1,4,4,6,7,7,7,5,5,3,2,2,1,1,3
34,7,7,7,7,4,6,5,4,6,7,6,6,7,7,7,7,5,5,5,5,4,5,4,4,1,1,2,1
35,7,7,7,6,2,4,3,5,7,5,5,5,5,5,5,5,7,7,7,7,4,4,4,5,1,1,1,1
36,7,7,7,7,5,5,5,5,7,7,7,7,7,7,7,6,7,7,7,7,4,6,6,4,1,1,1,1
37,7,7,7,7,5,5,1,4,7,7,7,7,7,7,7,7,5,5,5,5,5,5,5,4,1,4,4,2
38,7,7,7,7,4,5,6,5,7,7,7,7,7,7,7,7,7,7,7,7,7,7,7,7,1,1,1,1
39,7,7,7,7,7,7,7,4,7,7,7,7,7,7,7,7,7,7,7,7,3,5,5,3,1,1,1,1
40,7,7,7,7,4,7,7,7,5,6,6,7,7,7,6,7,7,7,7,5,5,6,6,4,1,1,1,1
41,7,7,7,7,6,6,6,6,7,7,7,7,7,7,7,7,7,7,7,7,4,6,1,2,1,1,1,1
42,7,7,7,7,7,7,7,7,7,7,7,7,7,7,7,7,7,7,7,7,7,7,7,7,1,1,1,1
43,5,5,5,7,5,6,7,7,7,7,7,7,7,7,7,5,7,6,7,7,2,4,4,1,1,1,1,1
44,7,7,7,7,4,4,4,4,7,7,7,7,7,7,7,7,7,7,7,7,7,7,7,4,1,1,1,1
45,7,7,7,7,6,5,5,5,7,7,7,7,7,7,7,7,7,7,7,7,6,6,6,6,2,2,1,1
46,6,5,5,6,4,6,2,3,6,7,7,6,7,6,5,6,6,7,6,6,5,6,6,3,1,2,2,1
47,5,5,5,5,4,4,4,4,4,4,4,4,4,5,5,5,5,5,5,5,5,5,5,5,2,2,2,2
48,6,5,5,6,7,4,5,6,5,6,6,6,6,6,6,6,6,6,7,5,5,7,6,6,1,1,1,1
49,7,6,6,6,5,4,5,5,6,6,6,6,6,6,6,6,6,7,6,6,5,5,5,4,1,2,2,2
50,5,5,5,6,5,5,5,5,5,5,5,5,5,5,5,5,5,5,5,5,5,5,5,5,3,3,3,3
51,4,4,4,5,6,5,4,4,5,5,5,5,4,4,4,4,5,5,6,5,5,5,5,4,2,2,3,3
52,7,6,6,7,4,4,4,5,7,7,7,7,7,7,7,7,6,6,6,6,4,6,5,5,1,2,1,2
53,7,7,6,7,5,4,3,4,7,7,7,5,6,6,7,6,6,6,7,7,4,7,5,4,1,2,3,1
54,5,6,5,7,7,6,7,7,5,6,5,7,5,5,3,3,4,6,4,4,4,6,1,1,1,1,1,2
55,7,7,7,7,1,3,2,2,7,7,7,7,7,7,7,7,7,7,7,7,4,4,4,4,1,1,1,1
56,5,5,5,5,5,5,5,5,5,5,5,5,5,5,5,5,5,5,5,5,5,5,5,3,3,3,3,3
57,7,7,7,7,7,7,7,7,7,7,7,7,7,7,7,7,7,7,7,7,7,7,7,7,1,1,1,1
58,7,7,6,7,2,5,5,5,7,7,7,7,6,7,7,5,6,6,5,4,6,6,6,6,3,2,3,2
59,5,4,5,6,6,6,6,4,5,6,5,6,6,5,6,5,6,6,6,6,5,6,6,5,1,3,3,2
60,6,7,6,6,7,6,5,6,6,7,6,6,6,7,7,5,6,6,5,7,6,7,7,5,2,1,4,2
61,7,7,7,7,1,1,1,1,7,7,7,7,7,7,7,7,7,7,7,7,7,7,7,7,1,1,1,1
62,6,6,7,6,6,6,7,6,7,7,7,6,7,7,6,6,7,7,7,7,7,7,7,7,1,1,1,1
63,5,7,6,5,5,5,7,7,6,5,6,6,6,5,7,7,7,6,6,5,7,5,7,6,2,1,3,2
64,5,5,6,5,6,3,3,2,5,6,7,5,6,6,7,5,6,6,6,7,5,6,5,6,2,1,3,1
65,6,7,6,6,1,1,2,1,7,6,6,6,7,6,7,6,6,6,7,7,7,6,7,6,1,2,1,2
66,7,5,7,6,4,7,4,3,5,7,7,7,4,7,6,4,3,5,5,7,3,5,4,6,4,1,3,5
67,6,6,6,6,6,6,5,5,6,5,5,6,6,5,5,5,6,6,5,6,5,6,6,6,3,2,2,1
68,6,5,3,3,5,4,3,3,5,5,3,5,4,6,5,6,5,4,5,6,5,5,4,5,2,3,3,2
69,7,2,6,6,5,2,6,7,6,7,4,5,5,2,6,5,3,7,6,6,2,7,3,3,1,2,6,3
70,6,5,6,5,5,2,1,2,6,5,7,5,6,6,7,5,5,7,6,5,5,6,4,5,2,1,3,2
71,4,6,5,7,7,5,6,4,6,6,7,6,4,7,6,5,5,2,6,7,3,7,3,3,2,5,4,1
72,6,7,7,7,1,2,1,1,6,7,6,7,7,6,7,6,7,7,6,7,5,6,5,6,2,1,2,1
73,7,7,7,6,5,4,5,6,6,7,6,6,5,6,5,6,5,5,6,5,6,5,6,5,1,3,3,3
74,7,2,6,6,3,4,6,5,3,5,3,6,4,2,6,6,6,6,2,6,3,3,6,7,3,2,3,5
75,7,6,6,7,6,5,6,7,7,6,6,6,7,6,7,5,7,5,7,5,6,6,6,7,2,2,3,3
76,6,7,5,7,4,7,3,5,5,7,7,6,5,7,6,5,5,6,5,6,6,6,3,2,2,3,2,2
77,6,6,7,7,5,6,3,5,7,6,6,6,6,7,7,6,6,7,7,6,7,6,7,6,1,1,2,2
78,6,6,6,7,5,6,6,7,7,6,6,6,7,6,6,7,6,6,6,7,6,5,6,6,1,1,1,1
79,7,7,7,7,7,7,7,7,7,7,7,7,7,7,7,7,7,7,7,7,7,7,7,7,1,1,1,1
80,6,6,6,6,7,6,6,6,5,6,5,6,6,5,5,6,6,5,5,6,6,5,5,6,2,2,3,2
81,6,7,6,7,1,2,2,1,6,7,6,6,7,6,7,7,7,6,7,6,6,6,6,6,1,2,2,2
82,5,6,5,6,4,6,5,5,6,5,5,5,6,5,6,5,6,6,5,6,4,5,5,3,1,2,2,5
83,6,5,5,6,7,5,7,2,6,6,5,5,6,6,5,7,7,6,6,7,6,6,6,6,3,2,1,3
84,3,4,4,6,6,5,4,5,7,7,6,4,5,4,5,5,3,4,3,4,4,3,4,5,4,4,4,4
85,6,7,5,6,6,6,6,5,5,5,5,5,6,5,5,6,6,6,6,6,6,6,6,6,3,3,2,2
86,6,5,3,3,6,4,6,2,6,5,6,6,3,5,3,5,2,3,6,5,2,2,3,3,4,5,2,6
87,7,7,7,7,1,1,1,1,7,7,7,7,7,7,7,7,7,7,7,7,7,7,7,7,1,1,1,1
88,6,5,6,5,5,7,5,5,6,5,5,5,5,6,5,6,5,5,7,5,6,5,6,5,2,3,4,3
89,6,6,6,7,6,5,3,4,6,6,6,6,6,6,6,6,6,6,6,6,6,5,5,6,2,2,2,2
90,6,7,7,7,4,6,6,5,6,7,6,7,6,6,7,5,6,6,6,7,6,7,7,6,1,1,2,1
91,6,7,6,7,6,6,7,5,7,6,5,6,7,6,7,6,6,7,6,7,5,5,7,6,1,3,2,3
92,6,4,6,6,6,6,7,7,7,7,6,4,5,6,6,6,5,6,5,5,5,5,6,5,2,2,3,3
93,7,6,7,7,5,7,3,6,7,7,7,7,7,6,6,6,7,7,7,6,4,7,6,6,1,1,3,1
94,5,6,6,4,5,6,5,4,6,6,7,4,6,6,7,6,7,5,6,5,6,5,6,6,1,2,3,2
95,7,6,6,6,7,6,2,2,6,6,6,6,7,7,7,6,5,7,6,6,4,7,6,4,2,1,1,3
96,7,5,6,7,6,5,6,6,6,5,6,7,4,6,4,6,5,5,7,5,6,7,5,5,2,4,4,2
97,6,7,7,7,3,1,1,1,7,7,7,7,7,7,7,6,7,7,6,7,7,7,7,7,1,1,1,1
98,5,6,7,4,4,4,7,7,5,4,3,5,6,3,7,6,7,5,7,4,6,6,2,6,3,1,3,3
99,7,5,6,5,6,7,5,6,5,6,6,6,5,6,6,6,4,6,6,6,4,6,5,4,2,3,3,2
100,6,6,6,6,6,6,5,6,6,6,6,5,6,6,7,7,5,7,6,6,7,7,6,6,1,1,2,1
101,7,7,6,6,7,6,7,7,7,6,7,6,7,6,7,6,6,6,7,7,7,7,6,6,1,2,2,2
102,7,7,7,7,5,2,2,2,7,7,7,7,7,7,7,7,7,7,7,7,7,7,7,7,1,2,2,2
103,5,5,6,6,6,5,5,6,6,5,6,6,6,6,5,5,5,6,6,5,6,5,6,5,2,2,3,2
104,3,5,3,3,5,6,3,5,5,6,7,5,6,3,6,5,5,3,5,3,3,5,3,6,3,2,1,5
105,6,7,6,5,6,6,6,7,6,6,6,6,6,7,6,7,6,6,6,7,6,7,6,6,1,2,1,2
106,7,6,5,7,7,6,7,6,7,6,6,6,7,7,7,6,6,7,6,6,6,7,6,6,2,1,3,2
107,7,7,7,7,5,2,4,5,6,6,7,7,6,5,6,6,6,5,5,6,5,7,7,3,1,1,3,1
108,5,4,5,4,5,5,4,5,4,5,5,5,4,5,5,4,4,4,5,4,6,5,4,4,2,4,4,4
109,6,7,7,7,4,1,2,2,6,7,6,7,6,7,7,6,7,7,7,6,6,6,6,4,2,1,2,1
110,7,7,7,7,7,7,6,7,6,7,6,6,7,7,6,6,7,7,7,7,7,6,4,6,1,1,1,1
111,5,6,7,5,5,5,7,5,5,6,7,7,5,5,7,6,7,6,5,6,5,5,6,6,1,2,1,2
112,7,6,6,7,4,3,2,3,7,6,6,6,7,6,7,6,7,6,7,6,5,6,5,6,1,2,2,1
113,6,5,6,5,4,6,7,6,6,4,5,6,5,7,6,5,7,6,6,6,5,7,5,5,1,3,3,2
114,6,5,7,6,4,5,3,5,7,6,7,6,5,6,6,5,4,5,6,6,5,6,4,6,2,3,2,2
115,7,7,7,7,2,2,2,1,7,7,7,7,7,7,7,7,7,7,7,7,7,5,4,3,1,1,1,1
116,7,7,7,6,5,5,3,3,7,7,7,7,6,6,6,6,6,6,7,7,7,7,7,4,1,1,1,2
117,5,6,5,5,4,4,4,5,4,5,5,5,5,6,6,4,5,6,6,4,5,6,6,4,4,2,4,4
118,6,6,5,6,3,4,3,5,6,5,5,6,5,5,6,5,6,6,7,6,5,6,5,5,2,2,2,3
119,6,5,7,7,7,7,6,6,5,5,7,7,5,6,5,5,5,5,6,7,5,5,6,6,2,1,3,3
120,6,7,7,6,7,7,6,7,6,7,6,6,7,6,7,6,7,7,7,6,7,6,7,7,2,1,2,1
121,7,7,6,6,6,6,6,6,6,7,6,6,7,6,7,7,7,6,7,7,7,6,6,7,2,2,1,1
122,7,6,7,6,7,7,6,7,6,7,6,6,7,6,7,6,7,6,7,6,7,6,7,6,1,1,1,2
123,7,5,7,7,6,7,5,6,5,6,4,6,6,4,6,5,5,6,6,5,6,5,7,7,3,2,2,1
124,6,5,6,6,5,6,5,4,5,6,5,5,6,6,6,5,5,7,5,6,4,6,6,5,1,2,3,3
125,7,6,7,7,2,1,2,1,7,6,6,7,6,7,7,6,6,7,6,7,7,7,7,7,1,2,1,1
126,5,5,6,5,4,5,4,5,6,5,6,5,6,5,6,6,6,5,6,5,5,5,6,5,2,2,3,2
127,6,6,7,5,4,5,3,2,6,7,6,7,6,5,6,7,6,5,7,6,5,5,6,4,3,1,3,1
128,7,5,6,4,4,5,6,4,6,6,6,5,6,4,6,6,6,5,6,4,5,6,5,4,3,3,3,2
129,7,7,7,6,3,1,1,2,6,7,6,6,6,7,6,6,6,6,7,6,6,6,6,4,1,1,1,2
130,7,5,6,5,5,6,5,5,7,7,7,6,7,6,6,6,7,6,6,7,6,6,6,6,1,3,4,2
131,5,7,6,6,6,6,7,6,5,6,6,6,5,6,7,6,7,5,6,5,7,5,7,5,2,3,4,2
132,4,5,6,5,4,6,7,6,4,5,7,5,6,7,4,5,5,7,4,5,6,4,5,7,2,3,3,1
133,5,6,4,5,5,4,6,6,4,5,4,6,6,6,4,5,5,6,5,6,6,4,5,4,2,2,3,2
134,7,7,7,5,5,5,6,7,5,6,7,5,7,5,6,7,7,7,6,6,5,6,7,6,2,1,1,1
135,7,7,7,7,2,3,2,3,7,7,6,7,7,7,7,7,7,7,7,7,6,7,7,6,1,1,1,1
136,7,6,6,7,5,3,2,1,7,7,7,7,7,6,6,6,7,6,7,7,7,5,5,5,1,1,1,1
137,7,6,7,6,7,6,7,7,6,6,7,7,7,5,7,6,6,7,6,6,7,7,6,7,1,2,2,2
138,6,7,7,7,7,7,6,7,6,7,7,6,6,7,6,7,7,6,7,6,7,5,7,5,1,2,2,1
139,6,6,5,5,3,4,3,3,6,5,6,6,6,6,7,6,5,6,5,6,5,6,5,5,2,3,2,3
140,6,7,7,7,6,6,7,6,6,7,7,6,7,6,7,6,6,6,6,7,6,6,7,7,1,2,1,1
141,6,4,6,5,6,5,6,5,5,5,5,5,6,5,6,4,5,5,5,6,5,6,5,6,2,3,3,4
142,7,7,7,7,1,5,2,1,5,7,5,7,7,7,7,7,7,7,5,5,5,3,1,1,1,2,1,1
143,7,6,6,6,3,2,3,2,7,6,7,6,7,6,7,6,6,6,7,6,5,6,5,6,1,2,1,1
144,6,4,6,5,6,4,5,6,5,6,5,6,5,6,5,6,5,5,6,5,6,5,6,5,2,3,3,3
145,5,7,6,6,5,6,5,6,6,6,6,6,6,6,6,6,7,7,6,7,6,7,6,5,3,2,3,1
146,5,5,6,6,4,3,4,3,6,5,6,6,5,6,5,6,5,5,5,6,4,5,5,5,1,2,1,2
147,7,7,7,7,1,1,1,1,7,7,7,7,7,7,7,7,7,7,7,7,6,6,6,6,1,1,1,1
148,5,6,5,4,6,6,5,6,6,5,5,5,6,5,6,5,5,6,5,6,6,6,5,4,2,3,4,2
149,4,5,7,5,5,7,4,5,6,7,5,7,6,4,5,6,6,6,4,5,6,4,5,7,2,4,2,4
150,5,6,5,6,6,6,5,6,5,6,7,5,6,5,6,5,6,7,6,5,7,6,5,5,2,1,2,1
151,7,6,7,6,7,7,6,5,7,6,7,6,7,6,5,7,6,6,6,7,6,6,6,5,1,2,1,1
152,7,7,7,7,1,5,2,1,7,7,7,7,7,7,7,7,6,7,7,7,6,5,6,4,1,1,1,1
153,6,7,4,7,6,7,6,4,5,6,4,6,7,4,5,6,6,4,5,6,4,6,7,5,2,1,3,1
154,5,5,6,5,4,3,3,5,5,6,5,5,7,6,5,5,5,5,6,5,5,6,6,5,1,2,1,2
155,4,5,4,6,6,5,6,4,5,6,6,5,6,5,6,5,7,5,5,6,5,5,6,6,2,1,2,2
156,7,7,7,7,5,4,1,3,7,7,6,7,7,7,6,6,7,7,7,7,6,7,6,5,1,1,1,1
157,7,7,6,7,7,7,7,6,7,7,7,6,7,6,7,6,7,7,6,5,7,6,7,6,1,2,1,1
158,7,7,6,7,7,7,7,6,7,7,7,6,7,6,7,6,7,7,6,5,7,6,7,6,1,2,1,1
159,7,7,6,7,7,7,7,6,7,7,7,6,7,6,7,6,7,7,6,5,6,6,7,6,1,2,1,1
160,7,7,6,7,7,7,7,6,7,7,7,6,7,6,7,6,7,7,6,5,7,6,7,6,1,2,1,1
161,7,7,6,7,7,7,7,6,7,7,7,6,7,6,7,6,7,7,6,5,6,6,7,6,1,2,1,1
162,7,7,6,7,7,7,7,6,7,7,7,6,7,6,7,6,7,7,6,5,7,6,7,6,1,2,1,1
163,7,7,6,7,7,7,7,6,7,7,7,6,7,6,7,6,7,7,6,5,7,6,7,6,1,2,1,1
164,7,7,6,7,7,7,7,6,7,7,7,6,7,6,7,6,7,7,6,5,6,6,7,6,1,2,1,1
165,7,7,6,7,7,7,7,6,7,7,7,6,7,6,7,6,7,7,6,5,6,6,7,6,1,2,1,1
166,7,7,6,7,7,7,7,6,7,7,7,6,7,6,7,6,7,7,6,5,6,6,7,6,1,2,1,1
167,7,7,6,7,7,7,7,6,7,7,7,6,7,6,7,6,7,7,6,5,6,6,7,6,1,2,1,1
168,6,5,4,5,7,7,6,5,5,4,4,6,5,4,6,4,5,6,5,6,5,5,6,5,4,3,3,2
169,6,5,5,5,3,3,3,4,6,5,5,6,5,5,6,5,6,6,6,5,5,6,5,5,3,2,3,3
170,6,5,6,5,6,6,5,6,5,6,6,6,6,5,6,5,6,6,5,6,5,5,6,6,2,3,2,2
171,6,5,5,5,4,6,5,5,6,5,5,5,4,6,5,5,5,5,6,5,5,5,5,5,2,3,3,2
172,6,7,6,7,6,7,4,1,7,7,6,7,7,7,7,6,7,6,7,7,7,7,5,7,2,1,1,1
173,7,7,7,7,2,3,2,2,7,7,7,6,6,6,7,7,6,6,7,6,5,6,6,5,1,1,1,1
174,6,6,5,6,5,6,6,5,5,6,5,6,6,7,7,6,6,7,6,6,5,6,6,7,2,3,2,3
175,7,7,6,7,1,3,2,2,7,7,6,6,7,7,6,7,6,6,7,6,5,7,5,5,1,1,1,1
176,7,7,7,7,1,1,1,1,7,7,7,7,7,7,7,7,7,7,7,7,7,7,7,7,1,1,1,1
177,6,5,5,7,5,6,6,7,6,6,5,6,5,5,6,6,6,5,5,6,6,5,6,5,2,2,3,2
178,7,6,6,6,4,4,2,2,6,6,6,6,6,6,7,7,6,6,6,6,5,5,5,5,1,2,2,2
179,6,4,5,5,5,5,5,3,5,5,5,5,5,5,5,5,6,5,6,5,5,5,4,5,3,3,3,3
180,6,7,6,7,4,2,3,1,6,7,6,5,6,6,7,6,7,5,6,7,6,7,7,5,1,2,1,2
181,7,7,7,7,7,7,7,7,7,7,7,7,7,7,7,7,7,7,7,7,7,7,7,7,1,1,1,1
182,5,6,6,6,6,4,5,4,5,5,4,5,3,6,4,5,6,5,5,7,6,6,5,5,2,1,2,4
183,4,6,6,5,6,5,4,4,5,6,5,5,6,6,7,7,7,7,6,7,7,5,4,6,1,3,2,3
184,7,6,7,7,7,6,7,7,7,6,7,6,7,7,6,6,6,7,6,7,6,6,7,6,1,2,2,1
185,5,7,5,6,3,5,3,4,5,6,5,6,6,6,6,5,6,6,7,5,5,5,5,5,1,2,1,2
186,6,6,6,6,7,6,6,5,7,5,7,6,5,6,6,6,6,4,6,6,5,6,5,6,2,2,2,2
187,7,7,7,7,4,4,4,1,7,7,7,7,7,7,7,7,7,7,7,7,7,7,6,6,1,1,1,1
188,7,7,6,6,5,6,3,3,6,7,7,6,7,6,6,7,7,6,6,7,6,7,6,7,1,1,1,1
189,6,6,6,6,6,6,5,6,6,6,6,6,6,6,6,6,6,6,6,6,6,6,6,6,2,2,2,2
190,7,7,7,7,1,1,1,1,7,7,7,7,7,7,7,7,7,7,6,7,2,6,2,3,1,1,2,1
191,7,7,7,6,5,5,4,5,6,4,4,4,6,4,6,4,4,6,4,4,5,6,5,1,4,3,4,3
192,5,4,5,5,5,4,5,5,5,5,5,5,6,4,5,5,5,6,5,5,5,5,5,5,3,3,3,3
193,7,7,7,7,2,1,2,1,7,7,7,7,7,7,7,7,7,7,7,7,7,6,7,6,1,1,1,1
194,6,4,5,5,5,4,5,4,6,5,5,4,4,5,4,5,6,4,6,6,4,5,4,6,2,4,4,3
195,5,4,5,6,6,7,7,5,6,4,4,5,6,6,7,5,7,5,6,5,5,5,6,6,1,2,2,3
196,7,7,7,7,1,1,1,1,7,7,7,7,7,7,7,7,7,7,7,7,7,7,7,7,1,1,1,1
197,6,7,6,6,3,2,2,2,6,7,6,5,6,6,7,6,6,5,6,7,6,7,6,6,1,2,2,2
198,7,6,6,6,7,7,7,6,6,7,6,6,7,6,6,7,5,6,5,7,6,6,6,7,3,2,3,1
199,6,7,7,7,1,1,1,2,6,7,6,7,7,6,7,7,6,7,6,7,7,7,7,7,1,2,1,1
200,6,4,7,7,5,6,7,3,5,6,5,6,5,5,7,6,5,5,4,5,6,5,6,5,1,3,1,3
201,6,7,5,5,6,7,6,5,7,6,7,5,5,7,6,5,7,5,7,6,5,6,5,6,1,3,2,1
202,7,6,7,7,4,2,3,3,6,7,6,7,6,7,6,7,6,7,6,6,7,5,7,6,1,2,1,2
203,5,6,7,5,6,5,5,6,7,5,6,5,6,7,5,6,6,6,7,5,6,6,6,5,3,2,2,2
204,6,7,6,6,2,5,3,3,6,6,6,5,6,7,5,6,6,6,7,5,7,7,6,7,2,1,3,2
205,6,6,7,7,4,2,2,5,6,5,6,7,6,6,5,6,6,5,6,6,5,6,6,6,2,2,2,3
206,7,6,6,7,6,6,6,7,6,7,6,7,6,7,6,7,7,6,7,7,6,7,6,6,1,2,2,2
207,6,7,6,7,7,7,6,7,7,6,6,6,7,6,7,6,6,6,6,7,6,6,7,7,2,1,1,1
208,7,6,7,7,6,6,6,6,7,7,7,7,7,7,7,6,5,7,7,7,7,7,7,7,1,2,1,1
209,7,6,5,5,3,3,1,2,6,5,5,4,6,7,5,7,5,4,6,7,7,7,4,3,2,1,1,1
210,6,6,6,7,5,6,4,5,6,6,6,6,6,6,6,6,6,6,6,6,5,6,5,6,2,2,2,2
211,7,7,5,6,6,7,5,6,7,6,7,7,7,5,6,7,7,6,7,5,7,7,7,6,1,1,2,1
212,4,6,7,6,5,6,5,4,6,6,7,4,5,7,6,5,3,5,3,7,5,4,7,6,2,4,3,2
213,7,7,7,7,1,1,1,1,7,7,7,7,7,7,7,7,7,7,7,7,7,7,7,7,1,1,1,1
214,7,5,6,7,5,6,5,7,7,5,6,6,7,6,5,7,7,5,5,7,7,5,6,6,3,2,1,3
215,7,5,6,7,5,6,5,7,7,5,6,6,7,6,5,7,7,5,5,7,7,5,6,6,3,2,1,3
216,7,7,7,7,1,1,1,1,7,7,7,7,7,7,7,7,7,7,7,7,7,7,7,7,1,1,1,1
217,5,7,6,6,5,6,5,7,5,7,6,5,7,6,7,5,7,6,7,5,7,5,7,6,1,3,1,2
218,7,6,6,6,6,7,6,6,7,7,7,7,7,6,6,7,6,6,7,6,6,7,7,6,1,1,2,1
219,6,6,7,7,4,3,5,6,6,7,7,7,6,7,7,6,7,6,6,6,7,6,6,7,1,1,1,2
220,6,6,7,7,4,3,5,6,6,7,7,7,7,6,6,6,7,7,7,6,6,7,6,6,2,2,2,2
221,6,6,7,7,4,3,5,6,6,7,7,7,7,6,6,6,7,7,7,6,6,7,6,6,2,2,2,2
222,6,6,7,7,4,3,5,6,6,7,7,7,7,6,6,6,7,7,7,6,6,7,6,6,2,2,2,2
223,7,7,6,7,3,3,2,3,7,7,6,7,7,6,7,7,6,7,7,7,5,7,5,6,1,2,2,1
224,7,7,7,7,1,1,1,1,7,7,7,7,7,7,7,7,7,7,7,7,7,7,7,7,1,1,1,1
225,6,6,7,7,2,2,1,2,6,7,6,5,6,6,6,5,6,6,7,6,6,6,6,5,1,2,1,2
226,7,7,7,7,7,7,1,7,7,7,7,7,7,7,7,7,7,7,7,7,7,7,7,7,1,1,1,1
227,6,5,6,6,7,6,7,6,5,7,6,7,6,6,7,6,6,6,5,6,6,5,7,6,1,1,2,1
228,5,5,6,7,6,5,7,6,6,5,7,5,6,7,5,6,5,7,5,6,6,7,6,7,2,1,2,1
229,7,5,7,7,5,5,4,5,6,7,5,6,5,5,6,5,7,5,7,5,7,5,7,7,2,3,3,1
230,7,6,7,6,1,1,1,1,7,7,6,7,7,6,7,6,7,7,7,6,2,6,2,2,1,1,1,1
231,4,5,6,6,5,5,4,5,6,5,6,5,6,5,5,6,6,6,5,5,6,4,5,5,2,3,3,2
232,7,7,7,7,1,1,1,1,7,7,7,7,7,7,7,7,6,6,7,7,7,6,6,5,1,1,1,1
233,7,6,7,7,6,6,7,7,7,7,6,6,7,6,7,7,7,7,6,6,7,7,6,6,1,1,1,1
234,6,7,6,5,3,5,4,5,5,6,6,6,5,6,7,5,5,5,6,6,5,6,5,5,2,2,2,2
235,7,7,7,7,3,1,1,1,7,7,7,7,7,7,7,7,7,7,7,7,7,7,7,6,1,1,1,1
236,7,6,6,7,6,7,6,6,7,7,6,7,6,6,7,7,6,6,7,6,7,7,6,7,2,2,1,1
237,5,5,5,5,5,6,6,5,5,5,6,5,5,6,6,5,5,6,6,5,5,6,5,6,2,3,2,3
238,6,7,7,7,6,7,6,6,7,7,6,6,7,7,6,7,6,7,7,6,6,7,6,6,1,2,1,1
239,6,6,6,6,6,5,6,6,5,6,5,5,6,6,6,6,6,6,6,7,6,6,5,5,2,2,2,3
240,6,7,6,6,6,6,7,6,7,6,6,6,7,6,5,6,6,6,7,6,7,6,7,7,2,1,2,2
241,6,5,6,7,5,3,2,3,6,7,5,6,5,6,5,6,5,6,7,6,6,6,5,5,1,2,1,2
242,7,6,7,7,2,3,1,2,7,6,7,7,6,6,7,6,6,6,7,6,6,6,5,4,1,2,2,1
243,7,7,7,7,6,5,5,3,7,7,7,7,7,7,7,7,7,7,7,7,7,7,7,7,1,1,1,1
244,6,6,5,5,3,5,3,3,6,6,6,7,6,5,6,6,6,6,6,5,6,5,5,7,2,2,1,2
245,6,6,6,5,7,5,7,5,5,7,7,6,7,6,7,6,6,7,5,5,6,4,7,5,2,3,1,1
246,7,7,7,7,1,1,1,1,7,7,7,7,7,7,7,7,7,7,7,7,7,7,7,7,1,1,1,1
247,7,6,6,7,5,5,7,5,6,5,6,6,5,7,6,7,5,6,7,6,7,7,5,5,1,2,3,3
248,7,6,7,7,7,7,6,7,6,6,7,6,7,6,7,7,7,7,7,6,7,6,7,6,1,2,1,1
249,4,5,6,6,5,3,5,4,6,4,5,5,7,5,4,6,6,5,5,4,6,7,5,5,1,3,3,4
250,7,5,6,5,7,5,6,6,5,4,7,5,6,5,7,5,6,6,7,6,5,5,6,5,3,2,2,1
251,6,5,4,5,5,6,6,4,6,6,7,5,6,4,6,5,6,4,6,5,6,6,5,4,1,1,2,1
252,6,7,6,6,6,6,2,2,7,6,6,6,7,6,6,7,6,7,6,6,7,6,6,6,2,1,2,1
253,6,6,7,6,6,7,7,5,7,7,7,7,7,7,6,7,7,6,6,7,6,7,6,6,2,1,2,2
254,6,7,6,7,6,6,6,7,6,7,6,6,6,7,6,6,7,6,7,6,7,7,6,7,2,3,2,2
255,7,6,7,7,6,7,6,6,7,6,7,6,6,7,6,6,6,7,7,5,7,7,6,7,2,2,2,3
256,7,6,7,6,3,2,1,2,7,6,5,4,7,6,7,5,7,5,7,6,7,5,7,3,1,1,2,3
257,7,7,7,7,1,1,1,1,7,7,7,7,7,7,7,7,7,7,7,7,7,7,7,7,1,1,1,1
258,7,7,7,7,1,1,1,1,7,7,7,7,7,7,7,7,7,7,7,7,7,7,7,7,1,1,1,1
259,6,7,6,6,7,5,7,6,7,5,6,7,5,7,6,5,5,6,5,7,5,6,7,7,1,1,1,2
260,6,7,6,7,5,4,4,5,6,7,6,7,7,6,6,7,6,7,6,7,6,6,7,6,1,1,2,1
261,7,7,6,7,7,6,7,7,7,6,7,7,6,7,6,7,7,6,7,7,7,7,6,6,1,2,2,1
262,6,6,5,6,6,7,6,6,5,7,6,7,6,6,5,7,6,6,5,6,5,7,6,5,2,1,2,2
263,7,5,6,7,5,7,5,6,5,6,7,6,5,6,7,5,6,6,6,7,6,7,6,6,1,3,2,2
264,5,6,5,7,7,6,6,5,6,6,7,6,7,6,7,6,7,7,7,7,6,6,7,6,2,1,1,1
265,7,7,6,5,7,6,3,2,6,7,7,7,7,5,7,6,5,6,7,7,6,6,7,5,2,1,1,3
266,7,6,6,6,7,7,7,6,6,6,6,7,7,6,7,7,7,6,7,6,7,6,7,5,1,3,2,2
267,6,7,6,6,5,4,4,3,6,7,6,7,7,6,6,7,6,7,7,7,6,6,7,7,2,2,1,1
268,7,7,6,7,7,7,6,6,6,7,7,7,7,6,6,6,6,6,7,6,6,7,7,6,1,2,2,1
269,6,6,6,7,5,5,2,1,6,7,7,6,7,7,6,7,6,6,7,7,7,5,6,3,1,2,1,1
270,6,5,6,5,5,5,6,5,6,5,5,5,6,5,6,6,6,6,6,5,6,6,6,6,2,3,3,2
271,5,6,5,5,5,5,7,5,7,7,7,5,7,6,7,5,5,4,6,4,6,6,4,4,2,4,4,3
272,5,6,5,6,6,5,5,6,5,6,6,6,5,6,5,6,6,6,5,6,6,6,5,5,2,2,2,2
273,4,6,4,6,3,6,4,3,3,6,4,4,5,6,5,6,5,5,7,5,4,5,4,4,2,2,2,2
274,7,7,5,7,3,3,1,1,6,7,6,6,6,5,7,6,6,6,7,7,6,5,5,5,1,1,1,1
275,6,5,4,5,4,4,5,5,4,5,5,4,5,5,5,5,5,5,5,5,5,5,5,5,4,3,4,3
276,7,7,7,7,7,7,7,7,7,7,7,7,7,7,7,7,7,7,7,7,7,7,7,7,1,1,1,1
277,7,7,7,7,4,1,2,1,7,7,7,7,7,7,7,7,7,7,7,7,7,7,7,7,1,1,1,1
278,7,7,7,6,1,2,1,1,7,7,7,6,7,7,7,7,7,6,7,6,7,6,4,6,1,1,1,1
279,5,6,5,7,6,5,6,6,7,6,6,6,6,6,6,5,6,6,6,5,6,6,6,6,2,2,2,2
280,6,4,5,5,4,4,2,3,6,4,5,5,6,7,5,6,6,5,6,6,6,6,6,6,4,2,4,2
281,7,7,7,7,5,4,4,2,7,7,7,7,7,7,7,7,7,7,7,7,7,7,7,7,1,1,1,1
282,6,7,7,7,6,6,2,1,6,7,6,6,6,7,6,6,6,6,6,7,6,6,7,6,1,1,2,2
283,7,7,6,7,3,6,1,1,7,7,5,7,7,6,6,7,7,7,7,7,7,3,1,1,1,1,1,1
284,6,7,6,7,7,6,7,6,7,7,6,7,6,7,7,7,6,6,7,6,6,7,7,5,1,1,3,1
285,6,4,6,7,6,5,7,6,5,5,5,6,4,6,5,7,7,7,5,5,4,5,6,7,1,4,2,1
286,6,6,6,6,4,4,3,7,6,6,6,7,6,6,5,4,6,6,6,5,7,7,6,5,2,2,3,2
287,7,7,7,6,6,6,6,7,7,7,7,7,7,7,7,7,7,7,7,7,7,7,7,7,1,2,2,2
288,7,6,7,5,7,6,5,6,5,7,7,6,5,7,6,7,6,5,7,6,7,6,5,7,1,3,3,3
289,5,5,6,6,7,5,6,5,5,5,6,6,5,5,5,6,5,5,5,6,5,5,6,6,1,2,3,2
290,7,6,6,6,6,4,4,4,7,6,5,6,6,6,6,6,6,6,6,6,6,5,6,4,1,1,2,2
291,6,5,6,6,6,6,6,5,5,6,5,5,6,5,6,5,6,5,6,6,6,6,5,5,2,3,2,3
292,7,7,6,6,6,7,1,6,7,6,7,6,6,7,7,6,6,7,7,6,7,6,6,7,1,2,1,2
293,7,6,7,5,7,6,5,6,6,7,7,7,6,7,7,6,4,5,6,5,4,4,3,4,3,3,3,2
294,5,6,6,6,5,5,6,6,6,6,5,5,6,6,5,5,6,6,5,6,5,4,4,4,1,2,1,1
295,7,7,7,7,5,4,1,1,7,7,7,7,7,7,7,7,7,7,7,7,7,7,7,7,1,1,1,1
296,6,6,6,6,6,1,2,1,7,6,6,6,7,6,7,6,6,6,7,6,7,7,5,4,1,2,2,2
297,6,5,6,6,5,5,6,5,6,6,6,5,6,5,6,5,5,6,6,5,6,6,6,6,2,3,2,2
298,7,7,7,7,4,3,2,2,7,7,7,7,7,7,7,7,7,7,7,7,7,7,7,7,1,1,1,1
299,7,6,6,7,2,7,1,1,5,7,7,7,7,6,7,7,7,7,7,7,7,3,3,2,1,1,1,1
300,6,6,6,6,2,2,2,2,6,6,6,6,6,6,6,5,6,6,6,6,6,6,5,6,1,3,1,2
301,7,7,7,7,6,3,3,4,7,7,7,7,7,7,7,7,7,7,7,6,6,7,7,4,1,1,1,1
302,6,7,7,7,7,6,6,1,6,6,6,7,6,6,7,6,6,7,7,7,6,6,7,7,1,1,1,2
303,6,7,6,7,5,2,2,1,7,7,6,6,5,6,6,5,7,6,7,6,5,4,3,3,1,1,3,1
304,5,7,6,6,6,7,6,6,5,7,5,4,7,6,5,6,7,5,6,7,5,4,6,4,2,1,3,3
305,7,7,7,7,7,1,1,1,7,7,7,7,7,7,7,7,7,7,7,7,5,6,6,4,1,1,1,1
306,7,6,6,7,6,6,4,2,7,6,6,6,7,7,6,7,5,6,6,5,4,5,3,1,1,1,1,1
307,7,6,6,7,6,6,4,2,7,6,6,6,7,7,6,7,5,6,6,5,4,5,3,1,1,1,1,1
308,7,6,6,7,6,6,4,2,7,6,6,6,7,7,6,7,5,6,6,5,4,5,3,1,1,1,1,1
309,7,6,6,7,6,6,4,2,7,6,6,6,7,7,6,7,5,6,6,5,4,5,3,1,1,1,1,1
310,7,7,7,7,4,4,1,1,7,7,7,7,7,7,7,7,7,7,7,7,4,5,4,3,1,1,1,1
311,6,6,5,5,6,6,5,6,6,7,6,5,6,7,6,7,6,5,6,6,6,7,6,5,1,2,1,1
312,6,7,6,7,2,2,1,2,6,7,6,6,7,6,6,7,6,6,6,7,6,7,6,7,1,2,1,1
313,5,6,5,5,5,4,3,3,5,4,5,5,4,6,4,4,4,4,4,5,5,6,4,5,3,3,3,3
314,7,7,7,7,4,4,3,2,7,7,7,7,7,7,7,7,7,7,7,7,5,6,6,6,1,1,1,1
315,7,7,7,7,7,7,7,7,7,7,7,6,6,6,6,7,6,7,7,7,7,6,6,6,2,2,2,1
316,7,7,7,7,3,2,1,1,7,7,7,7,7,6,7,7,7,6,6,7,5,6,7,6,1,1,1,1
317,7,7,7,7,4,3,3,2,7,7,7,7,7,7,7,7,7,7,7,7,5,6,5,5,1,1,1,1
318,6,7,7,6,6,7,6,1,6,6,7,7,7,7,7,7,6,6,6,7,7,6,6,7,2,1,2,1
319,7,6,6,7,1,1,1,2,6,7,7,6,7,6,7,6,6,7,6,6,7,7,6,6,1,2,2,2
320,5,5,5,5,4,3,3,3,5,5,5,5,5,5,5,5,6,6,6,6,4,4,4,4,2,2,2,2
321,7,7,7,6,3,3,3,2,7,7,6,6,6,6,6,6,7,7,7,7,3,5,5,4,1,1,1,1
322,7,7,7,7,7,7,7,7,7,7,7,7,7,7,7,7,7,7,7,7,7,7,7,7,1,1,1,1
323,6,6,6,6,6,5,3,5,6,6,6,6,6,6,6,6,6,6,6,6,3,5,3,4,1,1,1,1
324,7,6,6,6,4,3,2,1,6,6,6,6,6,6,6,6,6,6,6,6,5,5,5,5,1,2,1,2
325,7,6,6,6,7,2,1,2,6,6,7,6,7,6,7,6,6,6,6,6,6,6,7,7,2,1,1,1
326,5,6,7,6,6,6,7,6,5,6,6,5,7,5,6,7,7,4,5,6,7,4,5,7,3,2,2,2
327,6,5,6,6,4,6,7,5,6,7,6,5,6,7,5,6,5,6,5,6,7,5,6,5,2,1,3,1
328,7,7,7,7,1,1,1,1,7,7,7,7,7,7,7,7,7,7,7,7,7,7,7,7,1,1,1,1
329,7,7,6,6,6,3,6,6,7,7,7,6,6,7,6,7,6,7,6,7,5,6,6,7,1,2,1,2
330,6,7,5,5,6,5,6,7,6,5,5,7,6,5,6,7,7,5,7,7,6,6,7,6,1,3,1,3
331,6,6,5,5,7,6,6,6,7,5,4,6,5,6,5,6,6,6,6,6,5,7,6,7,2,1,1,1
332,7,6,7,7,1,1,2,1,6,7,7,7,6,7,6,7,6,7,7,6,6,6,7,7,2,1,1,1
333,7,6,6,6,1,2,1,2,6,7,7,6,7,6,6,7,7,6,7,6,7,5,6,6,1,2,1,1
334,5,7,5,7,6,3,2,3,6,7,7,7,6,7,6,6,6,6,6,6,6,6,5,6,2,2,3,2
335,6,6,5,7,3,3,2,2,7,7,6,6,7,7,6,5,7,7,7,6,6,6,5,4,1,1,3,2
336,7,7,7,7,7,7,5,6,6,6,6,6,7,7,7,6,7,7,7,7,6,6,6,5,1,1,1,1
337,7,7,6,7,7,6,3,2,7,6,6,7,6,6,7,7,6,7,6,7,7,7,6,6,2,2,2,2
338,6,7,6,7,7,2,3,3,7,7,7,7,7,6,7,7,6,7,6,6,7,6,7,7,2,1,2,2
339,5,4,3,3,5,4,6,5,4,5,3,4,5,5,4,5,4,4,5,6,4,4,3,5,3,4,1,3
340,6,7,7,4,6,4,6,6,7,5,6,7,7,7,6,6,7,5,7,6,6,7,6,6,2,1,2,1
341,6,7,6,7,4,2,3,2,5,7,6,7,6,5,6,7,5,7,5,6,7,5,6,5,2,1,2,2
342,6,7,6,6,1,1,2,1,6,7,6,6,7,6,7,6,6,6,6,7,5,7,6,6,1,2,1,1
343,7,7,7,7,1,1,1,1,7,7,7,7,7,7,7,7,7,7,7,7,7,7,7,7,1,1,1,1
344,7,6,5,6,3,1,2,2,7,5,7,5,6,7,5,6,6,5,6,7,6,6,7,6,1,2,2,2
345,6,7,5,7,6,7,6,6,7,6,6,6,6,7,6,5,6,6,7,6,5,5,7,6,3,3,1,2
346,6,4,4,7,4,5,7,5,7,5,7,4,6,5,4,6,4,5,5,7,6,6,4,5,1,1,2,2
347,6,7,6,6,1,1,1,1,6,7,7,6,7,6,7,6,6,6,7,6,6,6,6,6,1,2,2,2
348,7,7,7,7,4,4,3,3,6,7,7,7,7,7,7,7,7,7,7,7,7,6,7,6,1,1,1,1
349,5,5,5,5,5,4,5,3,5,5,5,5,5,4,5,5,5,5,5,5,5,6,5,5,3,3,2,3
350,6,7,7,7,5,3,4,6,6,7,6,7,7,6,7,5,6,7,7,7,5,7,5,6,2,1,1,3
351,7,7,7,7,7,7,7,7,7,7,7,7,7,7,7,7,7,7,7,7,7,7,7,7,1,1,1,1
352,7,6,7,7,1,1,2,1,6,7,7,7,6,7,6,6,6,7,6,7,6,6,7,6,1,2,1,1
353,7,7,7,7,7,7,7,7,7,7,7,7,7,7,7,7,7,7,7,7,7,7,7,7,1,1,1,1
354,6,7,6,7,6,7,6,7,6,7,6,6,6,7,7,7,7,7,7,7,4,6,2,6,2,3,2,1
355,4,5,6,4,7,5,4,5,6,7,4,5,7,6,4,5,6,5,6,7,4,6,7,4,3,2,2,3
356,4,6,7,6,5,7,4,5,6,7,7,4,5,6,7,5,5,7,5,4,6,5,6,5,2,1,3,4
357,4,5,6,6,4,7,5,6,7,4,6,4,5,6,7,6,7,6,7,5,6,5,6,7,3,2,4,2
358,6,7,7,7,5,6,6,5,6,6,6,6,6,6,6,6,7,7,7,6,7,7,7,7,1,1,2,1
359,4,5,6,4,5,7,6,4,5,6,4,6,7,4,5,7,7,5,6,7,4,6,7,5,2,1,3,1
360,7,5,6,6,6,5,5,7,6,7,5,7,6,5,6,6,7,6,7,5,6,5,6,7,3,2,3,1
361,7,7,7,7,7,7,7,7,7,7,7,7,7,7,7,7,7,7,7,7,7,7,7,7,1,1,1,1
362,7,7,7,7,7,7,7,7,7,7,7,7,7,7,7,7,7,7,7,7,7,7,7,7,1,1,1,1
363,4,5,5,5,5,5,3,4,5,6,6,6,5,6,5,5,6,5,6,5,6,5,6,6,2,3,3,2
364,7,7,7,7,7,7,7,7,7,7,7,7,7,7,7,7,7,7,7,7,7,7,7,7,1,1,1,1
365,7,3,6,3,6,7,4,6,2,6,7,7,4,6,3,7,6,7,6,4,7,5,7,6,3,1,1,1
366,5,7,5,7,7,6,7,5,6,6,7,7,5,7,5,7,5,5,6,7,5,6,7,7,3,1,1,1
367,7,7,7,7,1,1,1,1,7,7,7,7,7,6,7,7,7,7,7,7,7,6,4,4,1,1,1,1
368,7,7,5,7,7,3,5,5,6,6,6,6,6,6,7,6,7,6,7,6,5,6,4,4,1,1,1,1
369,7,7,6,7,1,1,2,1,7,7,6,7,6,7,7,6,7,7,6,7,7,7,6,7,2,1,2,1
370,5,6,4,6,6,4,7,5,6,5,6,6,7,5,6,5,7,5,6,4,6,7,6,5,1,3,4,3
371,6,7,5,7,7,6,7,6,7,6,6,7,6,7,7,7,6,6,7,6,7,7,6,7,1,1,1,3
372,7,6,7,5,3,1,2,3,7,7,7,7,5,7,6,7,6,5,6,7,5,6,5,6,1,2,3,2
373,6,5,5,4,6,4,4,4,5,6,5,5,6,5,5,6,6,5,4,5,4,4,5,4,4,3,4,3
374,6,6,5,6,4,3,3,2,6,5,6,5,6,6,7,6,6,5,6,6,6,7,5,5,2,2,2,2
375,3,5,6,6,3,7,5,6,5,5,6,4,6,3,5,3,6,7,4,7,4,4,6,3,2,4,4,2
376,6,5,6,6,7,6,7,6,7,6,7,6,6,6,7,6,7,5,6,6,7,6,7,6,1,1,1,3
377,7,7,7,7,1,1,1,1,7,7,7,7,7,7,7,7,7,7,7,7,7,7,7,7,1,1,1,1
378,7,7,7,7,1,1,1,1,7,7,7,7,7,7,7,7,7,7,7,7,7,7,7,7,1,1,1,1
379,7,6,7,7,4,3,5,1,7,7,7,7,7,7,6,7,7,6,7,7,7,6,5,7,1,1,1,1
380,7,7,7,7,7,7,1,1,7,7,7,7,7,7,7,7,7,7,7,7,7,7,4,4,1,1,1,1
381,7,7,7,7,1,2,1,1,6,6,6,7,6,6,7,6,6,7,7,6,6,6,6,6,2,2,1,1
382,6,6,4,6,4,3,3,3,6,6,7,6,5,6,5,6,6,7,7,7,7,5,5,6,2,1,1,1
383,6,6,5,6,6,6,5,6,7,6,6,5,7,7,6,6,6,6,6,6,7,5,6,7,1,1,2,1
384,6,6,6,7,6,6,5,6,7,5,5,5,7,5,6,6,5,7,6,4,6,5,6,5,1,2,3,2
385,6,7,7,7,2,2,2,1,6,7,7,7,6,7,6,7,7,6,6,7,6,7,6,6,1,2,2,1
386,7,7,7,7,7,7,7,7,7,7,7,7,7,7,7,7,7,7,7,7,7,7,7,7,1,1,1,1
387,5,4,5,5,4,6,5,4,5,6,4,6,5,4,5,6,5,5,4,4,5,5,6,5,3,4,2,4
388,6,4,6,4,5,6,4,5,6,7,4,5,6,4,6,6,7,7,4,6,6,5,7,7,3,2,3,3
389,6,6,6,7,6,6,6,6,6,6,6,6,6,6,6,6,6,6,6,6,6,7,6,6,2,2,2,1
390,7,7,7,7,1,1,1,1,7,7,7,7,7,7,7,7,7,7,7,7,7,4,5,4,1,1,1,1
391,7,7,6,6,1,2,1,1,7,6,6,7,6,7,7,6,7,7,6,7,7,7,6,6,1,1,1,1
392,6,6,6,6,6,7,6,4,4,5,5,6,7,4,7,7,6,7,7,7,4,5,5,4,1,3,1,2
393,7,5,7,5,4,5,7,6,4,3,5,3,6,6,4,7,6,5,7,7,6,7,6,6,5,3,7,4
394,7,7,6,6,4,3,1,2,7,7,6,7,7,6,7,7,7,6,7,7,6,4,4,4,1,2,2,1
395,7,7,7,6,6,7,7,6,7,7,7,7,5,6,7,7,6,7,6,7,7,6,6,7,1,1,1,1
396,7,7,7,6,1,1,2,1,7,7,7,7,7,7,7,7,7,7,7,7,6,7,6,6,1,1,2,1
397,6,6,6,6,6,5,6,6,6,6,6,4,6,7,6,6,6,5,6,6,5,5,7,6,1,2,3,2
398,7,6,7,6,1,1,3,1,7,6,6,6,7,6,7,6,6,6,6,6,7,7,6,6,3,2,2,2
399,6,6,7,7,3,2,2,1,5,6,6,6,6,7,6,6,5,6,6,7,5,6,7,7,3,2,2,2
400,7,6,7,7,6,1,1,1,6,7,7,7,7,7,7,7,7,7,7,7,7,7,7,7,1,1,1,1
401,7,7,7,7,1,3,1,1,7,7,7,7,7,7,7,7,7,7,7,7,6,7,4,4,1,1,1,1
402,7,6,6,6,6,7,7,6,7,6,6,7,7,6,6,7,7,6,7,7,7,7,7,7,1,1,1,1
403,6,6,7,7,7,7,7,7,6,7,7,7,7,6,7,7,6,6,7,7,6,6,7,7,2,1,1,2
404,6,6,5,7,4,2,4,1,7,7,7,6,7,7,7,7,7,6,7,6,6,6,6,5,1,1,1,1
405,7,6,7,7,7,7,6,7,6,6,6,7,6,6,7,6,6,7,7,7,7,7,7,6,1,2,2,1
406,7,7,7,7,7,4,1,2,7,7,7,7,7,7,7,7,7,7,7,7,7,5,5,3,1,1,1,1
407,7,6,7,7,7,5,5,6,7,6,7,7,6,7,6,6,7,6,7,7,7,7,6,6,1,2,2,2
408,7,6,7,7,7,6,6,6,7,6,7,6,7,6,7,7,6,7,6,7,6,6,7,6,2,1,1,2
409,7,6,7,7,7,6,5,6,7,6,7,7,6,7,6,6,6,7,6,7,6,7,6,7,1,2,1,2
410,7,7,7,7,2,6,1,2,6,7,6,7,7,7,7,7,7,7,7,7,6,5,6,6,1,1,1,1
411,7,7,6,7,5,1,1,2,7,7,7,7,7,7,7,7,7,7,7,7,4,6,5,7,1,1,1,1
412,5,5,5,5,6,6,6,5,6,5,5,4,5,5,5,5,5,5,6,5,6,6,6,5,2,2,3,2
413,7,7,7,7,1,1,1,1,7,7,7,7,7,7,7,7,7,7,7,7,5,6,4,4,1,1,1,1
414,6,5,6,7,6,6,7,6,5,6,5,5,6,4,6,5,5,4,6,6,5,7,5,6,1,3,3,1
415,6,7,5,7,5,6,5,7,5,7,7,7,5,7,5,6,6,6,7,5,7,7,5,5,1,3,3,1
416,7,7,6,7,7,7,7,7,6,7,7,6,7,7,6,7,7,7,7,7,7,7,7,7,1,1,2,1
417,6,7,6,7,5,6,5,5,6,6,7,6,7,6,6,6,6,6,6,7,6,7,7,6,2,2,2,1
418,7,7,6,7,2,3,2,3,7,7,7,6,7,7,6,7,7,7,7,6,7,6,7,6,1,1,2,2
419,7,7,7,6,3,3,2,3,6,6,7,6,6,6,7,4,7,7,7,7,6,7,6,6,1,1,1,1
420,7,7,7,7,6,7,6,7,7,7,7,7,7,7,7,7,6,7,7,7,7,6,7,5,2,1,1,1
421,6,7,6,6,4,3,2,3,7,7,7,7,6,7,6,7,6,7,7,6,6,7,6,7,1,1,2,2
422,7,7,6,7,3,1,2,3,6,7,6,7,7,6,7,6,6,7,6,7,7,7,6,7,2,1,1,1
423,7,6,6,7,5,5,6,3,6,7,6,6,7,6,7,6,7,6,7,6,7,6,7,7,1,3,1,1
424,6,7,6,7,5,6,7,7,7,6,6,7,6,7,7,6,6,7,6,6,7,5,7,6,2,2,1,2
425,7,7,7,7,1,2,1,1,7,7,7,7,7,7,7,7,7,7,7,7,5,5,5,4,1,1,1,1
426,6,7,7,6,6,3,2,1,6,6,7,7,6,7,6,7,6,5,6,5,6,6,6,7,3,3,3,3
427,6,7,6,7,2,2,1,3,7,6,7,6,7,7,6,6,7,6,7,6,5,6,7,6,1,2,1,1
428,7,7,7,7,1,1,1,1,7,7,7,7,7,7,7,7,7,7,7,7,7,7,7,7,1,1,1,1
429,7,6,6,7,3,4,2,1,6,7,6,7,6,5,6,7,6,6,7,6,5,6,7,6,1,2,1,2
430,7,6,7,6,7,6,5,6,6,5,5,7,6,6,5,6,6,5,7,5,6,6,5,5,1,1,3,1
431,6,6,6,6,1,2,2,1,6,6,7,6,6,7,7,6,6,6,7,7,7,7,7,5,2,2,1,2
432,6,7,7,7,2,1,1,1,6,7,7,7,7,7,7,6,7,7,7,6,6,7,6,6,1,1,1,1
433,7,6,7,7,6,7,6,7,6,5,6,6,7,6,7,6,7,7,6,6,6,7,6,6,2,3,3,2
434,7,7,7,7,5,5,4,4,7,7,7,7,6,7,7,7,7,7,7,6,7,6,7,6,1,1,2,1
435,7,6,5,6,5,6,7,6,5,6,7,6,5,6,7,7,5,7,5,6,6,7,6,6,2,1,3,1
436,5,6,5,6,5,5,6,5,7,5,4,5,6,5,6,4,5,5,6,5,6,5,6,5,1,3,3,2
437,6,6,6,6,4,2,2,2,6,6,6,6,6,6,6,6,6,6,6,6,6,5,4,4,2,2,2,2
438,6,7,6,7,7,6,7,7,6,7,6,7,6,7,6,6,6,7,6,6,7,6,6,6,2,2,3,3
439,6,6,7,7,2,5,1,1,7,6,7,7,6,7,7,6,6,7,7,6,6,2,5,5,1,2,2,1
440,6,6,7,6,6,6,7,5,6,7,7,7,6,6,7,6,6,5,7,6,6,7,6,5,1,3,3,3
441,7,6,7,7,2,1,2,1,7,6,7,6,7,6,7,6,6,7,7,6,7,6,7,6,1,2,1,1
442,7,6,6,6,6,5,5,4,6,7,7,7,7,7,6,6,6,6,7,7,5,6,6,6,1,2,2,2
443,5,5,6,6,5,5,5,6,6,6,6,6,6,5,5,5,6,6,6,6,4,5,5,4,2,2,2,2
444,7,7,7,7,7,7,7,7,7,7,7,7,7,7,7,7,7,7,7,7,7,7,7,7,1,1,1,1
445,7,7,6,7,2,1,1,1,7,7,7,6,7,7,7,6,6,7,7,6,7,7,7,7,1,1,1,1
446,7,7,7,7,1,2,1,1,7,7,7,7,7,7,7,7,7,7,7,7,7,7,7,7,1,1,1,1
447,7,7,7,7,7,7,7,7,7,7,7,7,7,7,7,7,7,7,7,7,7,7,7,7,1,1,1,1
448,7,7,6,7,7,6,5,5,7,7,7,7,7,7,6,7,7,7,7,7,7,7,6,6,1,1,1,1
449,6,7,7,7,6,5,6,6,7,7,7,7,6,7,7,6,6,6,7,6,6,6,5,7,2,2,2,1
450,7,7,6,7,7,6,1,1,7,7,7,7,7,7,7,7,7,7,7,7,7,7,7,7,1,1,1,1
451,5,6,6,6,6,5,6,2,6,6,5,6,6,5,6,5,6,6,5,6,5,5,5,6,2,3,3,3
452,7,7,7,7,7,7,7,7,7,7,7,7,7,7,7,7,7,7,7,7,7,7,7,7,1,1,1,1
453,6,5,6,7,6,6,7,6,7,6,6,6,7,6,7,6,6,6,7,6,7,7,6,6,1,2,2,2
454,6,6,6,7,6,7,6,7,6,6,6,6,6,6,5,6,5,5,6,6,6,6,6,6,2,2,1,1
455,6,7,6,7,7,5,5,5,5,5,4,4,4,4,5,5,7,7,5,6,4,6,4,3,1,2,2,2
456,5,6,7,6,7,6,5,7,5,7,7,7,6,6,6,7,6,6,7,6,6,6,6,5,2,3,3,1
457,6,6,6,6,3,2,2,2,6,6,6,6,6,6,6,6,6,6,6,6,5,5,4,4,1,1,1,1
458,6,7,7,6,6,5,6,6,7,7,7,6,7,7,6,7,7,7,7,6,7,7,7,7,2,1,1,1
459,7,6,6,7,4,6,3,3,7,7,6,6,6,6,7,7,6,7,7,7,5,6,4,5,1,2,1,1
460,7,7,7,7,6,7,7,6,7,6,7,7,6,6,6,6,6,7,6,6,7,7,6,6,1,1,1,1
461,7,7,6,7,2,1,3,2,7,6,7,6,6,7,7,7,6,7,6,7,5,7,5,5,1,2,1,1
462,7,6,7,7,6,7,2,1,6,7,7,6,7,6,7,7,7,6,7,6,7,7,6,6,1,2,2,2
463,6,7,6,7,7,7,6,7,6,7,6,7,6,7,7,7,6,6,7,6,7,7,6,6,1,2,1,2
464,7,7,6,6,6,2,1,1,6,7,7,6,7,7,6,6,7,7,7,6,7,6,7,7,1,2,2,1
465,7,6,7,7,6,7,7,6,6,6,6,6,7,6,7,5,5,7,6,7,6,6,7,7,1,1,1,1
466,6,5,6,5,6,3,2,4,6,6,6,7,7,7,7,7,6,7,6,7,7,6,4,3,1,1,1,1
467,7,7,7,7,7,7,7,6,7,7,7,7,7,7,7,6,7,7,7,6,7,7,7,7,1,1,1,1
468,7,6,7,6,6,7,6,7,6,7,7,7,7,6,7,6,6,7,6,7,6,7,6,6,1,2,1,1
469,6,5,6,7,4,5,3,3,7,6,6,7,7,7,7,6,6,7,6,6,6,6,6,7,1,1,2,1
470,6,6,6,6,6,5,6,2,6,6,7,7,6,7,5,5,6,6,6,6,6,5,6,6,3,2,2,2
471,7,7,7,7,7,7,7,7,7,7,7,7,7,7,7,7,7,7,7,7,7,7,7,7,1,1,1,1
472,7,7,5,6,7,6,6,6,7,7,7,7,6,7,7,6,7,7,6,7,6,6,6,6,1,2,2,2
473,7,7,7,7,7,7,7,7,7,7,7,7,7,7,7,7,7,7,7,7,7,7,7,7,1,1,1,1
474,7,7,6,7,6,7,7,6,6,5,7,6,7,6,6,6,6,7,6,6,6,7,7,6,2,1,1,2
475,7,6,6,6,6,6,1,2,6,7,6,6,6,7,6,6,7,6,7,6,6,6,7,6,2,1,2,2
476,6,7,6,7,7,2,1,2,6,7,7,7,6,7,7,6,7,6,7,7,6,7,6,7,1,2,1,1
477,7,6,7,5,7,7,5,7,6,7,5,6,7,6,6,7,6,7,6,6,7,5,7,5,2,1,2,2
478,5,7,6,6,7,7,7,7,6,7,7,7,7,6,7,7,7,7,7,6,7,7,6,6,1,2,1,1
479,7,6,5,6,7,6,7,7,7,7,6,7,7,6,6,6,6,7,6,6,7,6,7,6,2,1,2,1
480,7,7,7,7,7,7,7,7,7,7,7,7,7,7,7,7,7,7,7,7,7,7,6,7,1,1,1,1
481,7,7,6,7,6,7,6,7,6,7,7,7,7,6,6,7,6,6,7,6,7,7,6,6,1,2,2,1
482,7,7,7,7,7,7,7,7,7,7,7,7,7,7,6,7,7,6,7,7,7,7,7,7,1,1,2,1
483,6,7,6,6,6,7,7,7,7,6,7,7,7,7,6,7,7,7,6,7,6,6,7,7,2,1,1,1
484,6,7,7,7,2,2,2,3,7,7,6,5,7,7,6,7,7,7,6,7,6,6,6,6,1,1,2,1
485,7,7,6,6,6,6,6,6,6,6,6,6,6,6,6,6,7,6,6,6,6,7,6,7,2,2,2,2
486,7,7,6,7,7,7,7,7,7,6,7,7,5,7,6,7,7,7,7,7,7,6,6,7,2,2,1,1
487,6,6,7,6,3,2,2,1,6,7,6,7,6,6,7,6,5,6,7,6,5,3,2,3,2,2,1,1
488,7,6,7,7,7,7,6,7,6,7,6,7,6,7,6,7,6,7,7,6,6,7,6,7,2,2,1,2
489,7,7,6,6,7,6,7,7,6,7,6,6,7,6,7,6,7,7,7,6,7,6,7,7,1,2,1,1
490,6,6,6,7,5,5,5,6,7,7,7,7,7,7,7,7,7,6,7,7,6,5,4,4,1,1,1,1
491,5,4,5,4,5,4,5,4,5,4,4,4,4,5,5,4,5,4,5,6,5,5,5,5,2,3,3,3
492,5,6,7,7,3,3,3,3,7,6,6,6,7,7,7,7,6,6,6,6,7,7,7,7,1,1,3,1
493,7,6,7,7,1,1,2,1,7,6,6,7,5,6,7,6,7,5,6,7,5,6,5,7,1,2,3,1
494,7,6,7,6,7,7,6,7,6,7,7,7,6,7,6,7,7,7,6,7,6,7,6,6,1,2,2,1
495,7,7,7,7,7,7,7,7,7,7,7,7,7,7,7,7,7,7,7,7,5,5,5,5,2,1,1,1
496,5,7,6,7,7,7,6,6,7,5,6,5,7,6,7,6,6,6,7,6,7,7,5,5,1,3,3,3
497,6,7,7,7,7,7,7,6,7,6,7,7,7,6,7,7,7,7,7,7,7,7,7,7,1,1,1,2
498,7,7,7,7,7,6,7,7,7,6,6,7,7,7,6,7,7,7,7,6,7,7,6,7,2,1,2,1
499,6,7,6,7,6,6,7,6,7,6,6,6,7,6,7,6,6,7,7,6,7,7,6,7,1,2,2,2
500,6,7,7,7,6,6,7,7,7,6,7,6,7,7,6,6,6,7,7,7,6,6,7,7,2,2,1,1
501,6,6,6,6,5,5,6,6,6,6,6,6,6,6,6,5,7,6,7,7,4,4,7,7,4,2,4,3
502,6,7,6,6,7,7,7,6,7,6,7,5,6,6,7,6,6,5,7,6,7,5,7,5,2,1,2,2
503,7,7,7,7,4,6,5,1,7,7,7,7,7,7,7,7,7,7,6,6,7,7,7,5,1,1,1,1
504,7,6,7,7,2,1,3,2,7,6,6,6,7,7,6,6,7,5,6,6,5,6,5,6,1,3,2,2
505,7,7,7,7,6,1,1,1,7,7,7,7,7,7,7,7,7,7,7,7,7,7,7,7,1,1,1,1
506,7,6,7,6,7,6,6,6,7,6,7,6,7,6,7,6,6,6,6,7,7,7,7,7,2,2,2,1
507,7,7,7,7,7,6,7,6,7,6,6,6,5,7,5,6,6,7,7,5,6,7,6,7,3,3,2,2
508,6,7,7,7,6,6,7,7,7,6,6,6,7,7,7,6,6,7,7,6,7,7,6,6,1,1,1,1
509,7,7,7,6,6,6,7,6,7,6,7,6,7,7,6,7,7,7,7,6,7,6,7,7,1,1,1,1
510,7,7,7,7,1,1,1,1,7,7,7,7,7,7,7,7,7,7,7,7,7,7,6,7,1,1,2,1
511,7,7,7,7,7,7,7,7,7,7,7,7,7,7,7,7,7,7,7,7,7,7,7,7,1,1,1,1
512,7,6,7,6,7,7,6,7,6,7,7,7,6,7,6,7,6,6,7,6,7,7,6,6,1,2,2,2
513,7,7,7,7,7,7,7,7,7,7,7,7,7,7,7,7,7,7,7,7,7,7,7,7,1,1,1,1
514,7,6,6,7,6,6,7,7,7,6,7,7,6,6,6,7,7,6,6,6,6,5,6,7,2,2,1,2
515,7,6,7,6,6,6,7,6,7,6,6,7,6,7,7,6,7,7,6,7,6,6,7,7,2,2,2,1
516,7,7,6,7,6,7,6,6,7,6,7,6,7,6,6,7,7,7,6,6,5,5,7,6,1,2,1,1
517,7,6,7,5,7,7,6,7,6,7,7,7,6,7,7,6,7,7,6,7,6,6,7,6,1,2,2,2
518,6,7,6,7,6,6,7,6,7,6,6,6,7,7,6,6,7,7,6,6,7,7,7,7,1,2,1,1
519,7,6,7,6,7,7,6,7,6,7,7,7,6,7,6,7,6,6,7,6,7,7,6,6,1,2,2,2
520,7,7,7,7,1,1,1,1,7,6,7,7,7,6,7,6,7,7,7,7,7,6,2,7,1,2,2,1
521,7,6,7,6,6,6,7,7,7,7,7,7,6,6,7,7,7,7,6,6,7,7,7,7,2,1,1,1
522,7,7,7,7,2,5,3,1,7,7,6,7,7,7,7,7,7,7,7,7,6,7,5,7,2,2,1,2
523,7,6,7,7,7,6,7,6,7,6,6,6,7,6,7,6,6,7,7,6,6,6,7,7,2,1,1,1
524,7,7,7,7,7,7,7,7,7,7,7,7,7,7,7,7,7,7,7,7,7,7,7,6,2,2,1,1
525,7,7,7,7,7,7,7,7,7,7,7,7,7,7,7,7,7,7,7,7,7,7,7,7,1,1,1,1
526,7,7,6,7,6,6,7,7,6,6,6,7,7,6,6,7,7,6,7,6,7,7,7,7,2,2,1,1
527,7,7,7,7,7,7,7,7,7,7,7,7,7,7,7,7,7,7,7,7,7,7,7,7,1,1,1,1
528,7,7,7,7,1,1,1,1,7,7,7,7,7,7,7,7,7,7,6,7,7,7,7,7,1,1,2,1
529,6,7,6,7,7,6,6,7,7,6,6,7,6,7,6,7,7,7,7,7,7,6,7,6,1,1,2,1
530,7,7,7,7,1,1,1,1,7,7,7,7,7,7,7,7,7,7,6,7,7,7,7,7,1,1,2,1
531,7,7,7,7,1,1,1,1,7,7,7,7,7,7,7,7,7,7,6,7,7,7,7,7,1,1,2,1
532,7,7,7,7,1,1,1,1,7,7,7,7,7,7,7,7,7,7,6,7,7,7,7,7,1,1,2,1
533,7,7,7,7,1,1,1,1,7,7,7,7,7,7,7,7,7,7,6,7,7,7,7,7,1,1,2,1
534,7,7,6,7,6,7,7,7,7,7,7,6,7,7,7,7,6,7,7,7,7,7,7,7,2,1,1,1
535,7,7,7,7,1,1,1,1,7,7,7,7,7,7,7,7,7,7,6,7,7,7,7,7,1,1,2,1
536,7,7,7,7,1,1,1,1,7,7,7,7,7,7,7,7,7,7,6,7,7,7,7,7,1,1,2,1
537,7,7,7,7,1,1,1,1,7,7,7,7,7,7,7,7,7,7,6,7,7,7,7,7,1,1,2,1
538,7,6,7,6,5,6,5,7,7,7,7,6,7,6,6,7,6,7,7,6,5,6,5,6,1,1,1,1
539,7,6,7,7,7,6,7,7,6,7,7,6,7,7,6,6,7,7,7,6,6,7,7,7,1,1,2,2
540,7,6,7,7,7,7,6,7,6,7,7,7,7,7,7,6,6,7,7,6,7,6,7,7,2,1,2,2
541,6,7,7,7,7,7,6,7,6,6,7,7,6,7,7,7,7,7,7,6,6,7,6,6,2,2,2,2
542,7,7,6,6,6,6,6,7,7,6,6,6,6,6,6,6,6,6,6,6,6,6,6,7,2,2,2,2
543,7,6,7,6,7,6,7,6,6,7,7,7,6,7,6,7,7,7,6,6,7,6,7,7,2,1,2,2
544,7,7,7,7,7,7,7,7,7,7,7,7,7,7,7,7,7,7,7,7,7,7,7,7,1,1,1,1
545,6,7,7,7,7,7,6,7,6,7,7,6,7,7,7,7,7,6,7,7,7,7,6,7,1,1,2,1
546,7,6,6,7,3,3,2,1,7,7,7,7,7,7,7,6,6,6,6,6,7,6,7,7,1,2,2,2
547,7,6,7,7,7,7,6,6,7,6,7,7,7,6,7,6,6,6,7,7,6,6,7,7,2,1,1,2
548,7,7,7,7,7,7,7,7,7,7,7,7,7,7,7,7,7,7,7,7,7,7,7,7,1,1,1,1
549,7,7,6,7,7,7,7,7,7,7,6,7,7,7,7,6,6,7,7,7,7,6,7,6,2,1,1,1
550,7,7,7,7,7,7,7,7,7,7,7,7,7,7,7,7,7,7,7,7,7,7,7,7,1,1,1,1
551,7,7,7,7,5,1,1,1,7,7,7,7,7,7,7,7,7,7,7,7,7,7,7,7,1,1,1,1
552,7,6,7,7,7,6,7,7,6,7,7,7,7,6,7,6,6,7,6,7,7,6,7,7,1,1,2,2
553,7,7,7,7,7,7,7,7,7,7,7,7,7,7,7,7,7,7,7,7,7,7,7,7,1,1,1,1
554,7,7,7,7,7,7,7,7,7,7,7,7,7,7,7,7,7,7,7,7,7,7,7,7,1,1,1,1
555,7,6,7,7,6,7,7,6,6,7,6,6,5,6,7,5,6,7,7,7,7,6,6,7,3,2,2,2
556,7,7,7,6,7,7,7,7,6,7,7,7,7,6,7,6,6,6,7,7,7,7,7,7,2,1,1,1
557,7,6,7,7,6,7,6,7,7,7,7,7,7,7,7,6,7,7,7,7,7,7,7,6,1,1,1,1
558,7,7,6,6,7,7,6,7,6,7,7,7,7,6,7,7,6,7,7,7,7,7,7,6,1,1,2,1
559,6,7,6,6,7,5,3,3,6,7,7,7,7,7,7,7,6,6,7,7,7,7,7,7,1,2,2,1
560,7,7,7,7,6,7,7,7,7,7,7,7,7,7,7,7,7,7,7,7,7,7,7,7,1,1,1,1
561,6,7,6,7,6,6,7,6,7,6,6,6,7,6,7,7,7,7,6,7,7,7,6,6,1,2,2,1
562,7,6,7,6,7,7,6,7,6,7,7,7,6,7,6,7,7,7,6,6,7,7,6,6,1,2,2,2
563,7,7,7,7,7,7,7,7,6,7,7,7,7,7,6,7,7,7,7,7,7,7,7,7,1,1,1,1
564,6,7,7,7,7,6,6,5,7,6,7,7,6,7,6,7,7,6,6,7,7,7,7,7,1,1,1,1
565,6,6,6,6,5,6,6,5,6,5,6,5,6,5,6,6,5,6,5,6,5,5,5,5,1,1,2,2
566,7,6,7,6,6,6,7,6,7,7,7,7,6,6,7,6,7,6,7,6,7,7,6,6,1,2,2,1
567,7,7,7,7,7,7,7,7,7,7,7,7,7,7,7,7,7,7,7,7,7,7,7,7,1,1,1,1
568,7,7,6,7,6,7,7,7,7,7,7,7,7,6,7,7,7,6,6,7,7,6,6,7,1,1,1,1
569,7,7,7,7,4,4,3,3,7,7,7,7,7,7,7,7,7,7,7,7,7,7,7,7,1,1,1,1
570,7,7,7,7,1,1,1,1,7,7,7,7,7,7,7,7,7,6,7,7,7,6,7,7,1,1,1,1
571,6,7,6,7,7,7,7,6,6,7,7,7,6,7,6,7,6,7,6,7,6,6,7,7,2,1,1,1
572,7,6,7,7,7,7,6,7,6,7,7,7,6,7,6,7,7,7,6,7,6,6,6,6,1,1,1,2
573,7,7,7,7,1,1,1,1,7,7,7,7,7,7,7,7,7,6,7,7,7,6,7,7,1,1,1,1
574,7,6,6,7,1,5,1,2,7,7,7,7,7,7,7,6,7,7,7,7,4,6,4,4,1,1,1,1
575,7,7,7,7,7,7,7,7,7,7,7,7,7,7,7,7,7,7,7,7,7,7,7,7,1,1,1,1
576,7,6,7,6,7,7,6,7,6,7,7,7,6,7,6,7,7,7,6,7,6,6,7,6,1,2,2,2
577,7,6,7,6,7,7,6,7,6,7,7,7,6,7,6,7,7,7,6,7,6,6,7,6,1,2,2,2
578,7,6,6,6,6,5,5,6,6,6,6,6,6,6,6,6,6,6,6,6,6,6,6,4,1,1,1,1
579,7,6,6,5,5,2,2,2,7,7,6,7,7,6,7,6,7,7,5,7,7,6,5,6,1,2,2,3
580,7,7,7,7,7,7,7,7,7,7,7,7,7,7,7,7,7,7,7,7,7,7,7,7,1,1,1,1
581,7,6,7,6,6,7,6,7,7,6,6,6,7,6,7,7,7,7,6,7,6,6,7,7,1,2,2,1
582,7,7,7,7,2,2,2,1,7,7,7,7,6,7,7,7,6,6,7,6,7,7,7,7,1,1,1,1
583,6,6,7,7,6,6,7,6,6,7,7,6,7,7,7,6,7,6,6,6,7,7,7,5,1,1,2,1
584,7,7,7,6,7,6,7,4,6,6,6,6,7,7,7,7,7,7,7,7,7,7,4,4,1,1,1,1
585,7,6,7,6,7,7,6,7,6,7,6,7,7,7,7,6,7,6,6,7,7,7,6,7,1,1,1,2
586,6,7,7,7,6,7,6,7,7,7,7,7,7,6,7,7,7,7,7,6,7,7,7,7,2,1,1,2
587,7,6,7,6,2,3,3,3,6,7,7,7,7,6,7,6,7,7,6,7,6,6,7,6,1,1,1,1
588,6,7,7,6,7,5,6,4,5,6,5,6,6,7,7,7,7,6,7,6,6,6,7,6,1,1,1,3
589,7,7,7,7,1,1,1,1,7,7,7,7,7,7,7,7,7,7,7,7,6,7,6,7,1,1,1,1
590,7,7,7,6,7,7,7,6,7,6,6,6,7,6,7,6,6,6,7,7,6,6,7,7,1,2,2,1
591,6,7,6,7,6,2,1,1,6,7,7,7,7,7,6,7,6,6,7,7,7,7,7,7,1,1,1,1
592,6,7,7,7,1,1,1,1,7,7,7,6,7,7,7,7,7,7,7,7,7,7,7,7,1,1,1,1
593,7,6,7,6,6,5,7,6,7,7,7,7,6,6,6,7,7,7,6,7,5,5,7,7,3,1,1,1
594,6,7,7,7,1,1,1,1,7,7,7,7,7,7,6,7,7,6,7,7,7,7,7,7,1,2,1,1
595,6,7,7,7,1,1,1,1,7,7,7,7,7,7,6,7,6,7,7,7,7,6,7,6,1,1,1,1
596,7,7,7,7,7,7,7,7,7,7,7,7,7,7,7,7,7,7,7,7,7,7,7,7,1,1,1,1
597,7,6,7,7,5,6,5,4,7,7,6,6,7,7,7,7,7,7,7,7,6,6,7,7,1,1,2,1
598,6,7,6,6,5,6,6,5,7,7,7,7,7,6,6,6,6,6,6,7,6,7,7,6,1,2,1,1
599,7,6,7,6,7,7,6,7,6,7,7,7,6,7,6,7,7,7,6,7,6,6,7,7,2,1,1,2
600,7,6,7,7,7,7,6,7,6,7,7,7,6,7,6,7,7,7,6,7,6,6,7,7,2,1,1,2
601,7,7,7,6,6,6,6,7,6,7,6,7,6,7,7,6,7,7,6,6,6,6,7,7,1,2,1,2
602,7,7,6,6,7,6,6,7,7,7,7,7,6,6,6,7,7,7,6,7,6,7,6,6,2,2,2,2
603,6,7,6,7,4,4,4,4,7,7,7,6,6,6,6,7,7,7,6,6,7,7,6,6,1,1,1,1
604,7,7,7,7,7,7,7,7,7,7,7,7,7,7,7,7,7,7,7,7,7,7,7,7,1,1,1,1
605,7,7,6,7,4,5,4,4,7,6,7,6,7,7,6,6,7,7,7,7,6,7,7,6,1,2,2,1
606,7,7,6,7,5,5,2,2,7,7,6,7,6,7,7,6,6,6,7,7,6,7,6,6,1,1,2,1
607,7,7,6,6,7,7,6,7,7,7,7,7,7,6,7,7,7,7,7,7,6,7,7,7,1,1,1,1
608,7,7,7,6,1,1,2,2,7,7,6,7,7,7,7,6,7,6,7,7,7,7,7,6,1,1,1,2
609,7,7,7,6,5,6,5,6,7,7,6,7,7,6,6,7,6,7,6,6,6,5,5,7,1,2,1,1
610,6,7,6,7,7,7,6,7,7,7,7,7,7,7,7,6,7,7,7,7,7,7,7,7,1,1,1,1
611,7,7,6,7,1,1,1,1,7,6,7,7,7,7,6,7,7,6,7,7,7,7,6,7,1,1,1,1
612,5,5,5,5,5,5,5,6,5,4,4,4,5,4,4,5,5,5,6,6,4,6,5,5,3,3,2,2
613,6,6,7,7,7,7,7,6,7,6,6,6,7,6,7,6,6,6,7,6,7,7,6,6,1,2,2,1
614,5,6,4,5,6,7,5,7,5,6,7,7,6,5,6,6,6,7,5,6,6,5,6,7,2,2,3,2
615,7,6,7,6,7,6,7,6,7,6,6,6,7,6,7,6,7,7,7,7,7,7,6,7,2,2,2,2
616,7,7,7,7,1,2,1,1,7,6,7,6,7,7,7,6,7,6,7,7,7,7,7,7,1,1,1,1
617,7,6,7,7,5,4,5,5,7,7,7,7,7,7,6,6,7,6,7,6,7,7,6,6,1,1,1,1
618,6,3,6,5,4,5,4,3,5,5,5,5,6,6,5,6,7,5,7,4,5,5,6,5,2,2,4,3
619,7,6,7,6,7,6,7,6,7,6,7,7,6,7,6,7,7,7,6,7,6,7,7,6,1,2,1,2
620,7,5,6,7,3,2,1,2,7,6,6,7,7,6,6,7,7,6,7,7,5,6,7,5,1,1,1,1
621,7,6,7,7,6,6,7,7,7,7,6,6,7,6,7,6,7,7,6,7,7,7,6,6,1,2,1,2
622,7,6,7,7,7,7,6,7,7,6,6,7,6,7,6,7,7,7,7,6,7,6,7,7,1,1,1,1
623,7,6,7,6,6,6,7,6,7,6,7,7,6,7,6,7,7,7,6,7,6,6,7,7,2,1,1,1
624,6,7,6,7,4,2,2,1,6,7,6,7,7,6,7,7,6,7,6,6,5,7,6,6,1,2,2,1
625,6,6,7,6,4,6,2,3,6,6,6,6,7,6,7,6,7,7,6,7,6,5,5,4,1,2,1,1
626,7,6,7,6,7,6,6,6,7,7,6,7,7,7,7,6,7,7,6,7,6,6,7,7,2,1,1,1
627,7,7,7,7,5,4,3,5,7,7,7,7,7,6,7,7,7,7,7,7,7,7,7,7,1,1,1,1
628,6,7,7,6,7,7,6,7,7,6,6,7,7,7,7,6,7,7,6,7,7,7,6,6,1,1,1,2
629,7,6,7,6,7,6,7,6,7,6,6,7,7,7,6,6,6,6,7,6,7,7,6,6,1,1,2,2
630,6,5,5,6,7,6,5,5,6,6,6,7,5,5,7,5,4,4,6,5,5,4,7,6,3,1,3,3
631,7,6,7,7,7,7,7,7,7,6,7,6,7,7,7,6,7,6,6,7,6,6,7,6,1,1,2,1
632,7,7,7,7,7,7,7,7,7,7,7,7,7,7,7,7,7,7,7,7,7,7,7,7,1,1,1,1
633,7,7,6,6,4,4,3,4,3,3,6,7,7,7,6,6,6,7,7,6,7,6,7,7,1,2,1,1
634,7,6,6,7,6,6,1,6,5,6,7,5,6,7,7,6,7,7,7,6,6,7,7,7,2,1,2,2
635,7,7,6,7,7,7,6,7,7,6,7,7,7,7,7,7,7,7,7,7,7,7,7,7,1,1,1,1
636,6,7,6,6,7,6,7,7,6,7,7,7,7,6,7,6,7,6,6,7,7,6,7,6,1,2,1,2
637,7,6,7,7,4,4,4,4,7,7,7,7,7,7,7,7,7,7,7,7,6,7,6,7,1,2,1,1
638,6,7,6,7,7,7,6,7,6,7,7,7,7,6,7,6,7,7,7,6,7,6,7,7,1,2,2,1
639,7,7,7,7,4,4,4,4,7,7,7,7,7,7,7,7,7,7,7,7,4,5,4,1,1,1,1,1
640,7,7,7,7,1,1,1,1,7,7,7,7,7,7,7,7,7,7,6,7,7,4,4,7,1,1,1,1
641,7,7,7,7,7,7,7,7,7,7,7,7,7,7,7,7,7,7,7,7,7,7,7,7,1,1,1,1
642,5,6,7,6,1,1,1,1,7,7,7,7,7,6,7,7,7,6,7,7,7,6,7,7,2,1,1,1
643,6,7,6,6,6,6,7,6,7,6,6,6,7,7,6,7,7,7,6,6,7,7,7,7,2,1,1,2
644,5,6,7,6,6,7,1,1,7,7,6,7,6,7,6,6,6,7,7,6,7,6,7,6,1,2,1,1
645,6,6,7,6,6,5,4,7,7,7,6,6,7,6,7,5,5,6,5,6,7,7,6,4,1,2,1,2
646,6,6,6,6,5,6,6,7,6,7,6,7,6,6,6,5,6,6,7,5,6,5,6,5,2,2,1,1
647,6,7,6,7,4,4,4,4,6,6,5,6,6,5,6,6,6,6,6,5,5,4,6,3,2,3,3,3
648,6,6,7,6,7,6,7,6,6,7,7,7,6,7,6,7,7,7,6,7,6,6,7,7,2,2,2,2
649,6,7,6,7,6,6,7,6,7,6,6,6,7,7,6,7,7,7,7,6,6,6,7,7,2,1,1,1
650,6,6,6,6,6,5,5,4,6,6,6,6,6,6,6,6,6,6,6,7,7,7,7,4,1,1,2,1
651,7,6,7,6,5,5,5,5,6,6,7,7,7,7,7,7,7,6,6,6,6,7,7,7,1,2,2,1
652,6,7,7,6,1,1,1,1,7,7,7,7,7,7,6,7,6,7,7,6,7,7,7,7,1,1,2,1
653,7,7,7,7,1,1,1,1,7,7,7,7,7,7,7,7,7,7,7,7,7,7,7,1,1,1,1,1
654,7,6,7,6,7,7,6,7,6,7,7,7,6,7,6,7,7,7,6,7,6,6,7,7,2,1,2,1
655,7,7,7,7,1,1,1,1,7,7,7,7,7,7,7,7,7,7,7,7,5,5,4,5,1,1,1,1
656,7,6,7,7,2,1,1,1,7,7,7,7,7,7,7,6,7,7,7,7,7,6,7,6,1,2,1,1
657,7,7,7,7,7,4,1,1,7,7,7,7,7,7,7,7,7,7,7,7,7,7,7,7,1,1,1,1
658,7,6,6,7,1,1,1,1,7,6,6,7,6,7,6,7,7,7,6,6,7,7,6,6,2,1,2,2
659,6,7,6,7,6,7,6,7,6,6,7,7,6,7,6,7,6,7,6,7,6,6,6,7,2,2,2,1
660,6,6,7,6,1,1,1,1,7,6,5,5,6,7,6,7,7,7,6,7,6,6,7,7,2,1,1,1
661,6,7,6,6,4,4,3,3,7,7,7,6,7,7,6,6,7,7,7,7,7,6,6,7,1,1,2,2
662,7,6,7,7,1,1,1,1,7,7,7,6,7,6,7,7,7,7,7,6,6,6,7,7,2,1,1,1
663,7,7,6,7,1,1,1,1,7,7,7,7,7,7,7,7,7,7,7,6,6,6,6,6,1,1,1,1
664,6,6,6,6,1,1,1,1,6,6,6,6,7,7,7,7,6,7,6,7,7,6,6,6,1,1,1,1
665,7,6,6,6,1,1,1,1,7,6,7,7,6,7,6,7,7,7,7,7,7,7,7,7,1,1,1,1
666,7,7,6,7,1,1,1,1,7,6,7,7,7,7,7,6,6,7,7,7,6,6,7,6,2,2,2,1
667,7,7,7,7,4,3,4,3,7,6,7,7,7,7,6,6,7,6,6,7,7,7,7,7,1,1,1,2
668,6,6,6,7,1,1,1,1,6,6,7,7,6,6,6,7,6,7,7,7,6,6,7,7,2,2,1,1
669,7,6,7,6,6,7,7,7,7,7,7,7,7,6,7,7,6,6,7,7,6,6,7,7,2,1,1,2
670,7,6,7,7,6,7,6,6,7,7,6,6,7,6,7,6,7,6,7,6,7,7,6,7,2,1,1,1
671,7,7,6,7,1,1,1,1,7,6,7,7,7,6,7,7,7,7,7,7,7,6,7,7,1,2,1,1
672,6,7,7,6,1,1,1,1,6,7,6,6,7,6,7,7,7,7,6,7,7,7,6,6,1,2,2,1
673,6,6,6,6,7,6,7,6,6,7,6,6,6,7,7,7,6,7,7,7,6,7,6,6,1,2,2,2
674,7,7,7,7,1,2,1,2,7,7,7,7,7,7,7,7,7,7,7,7,6,5,3,2,1,1,2,1
675,7,7,7,7,7,7,7,7,7,7,7,7,7,7,7,7,7,7,7,7,7,7,7,7,1,1,1,1
676,7,6,6,6,2,2,1,2,6,7,6,6,6,6,7,6,6,7,6,6,6,6,7,6,2,1,1,2
677,6,6,6,6,1,1,2,2,6,7,6,6,6,6,6,7,6,6,7,6,7,6,6,6,2,2,1,2
678,6,7,7,6,2,1,1,1,7,6,6,7,6,7,7,6,7,7,6,7,7,7,7,7,1,1,1,1
679,7,7,6,6,5,3,3,4,6,7,6,7,7,7,7,7,7,7,6,7,6,7,7,7,1,2,1,1
680,6,6,6,6,6,7,6,7,6,7,7,6,7,6,7,6,7,7,6,7,6,6,6,7,2,1,1,1
681,6,5,7,7,5,3,5,4,6,6,6,6,6,5,6,6,7,7,6,6,7,7,7,6,1,3,3,2
682,7,7,7,7,7,7,7,7,7,7,7,7,7,7,7,7,7,7,7,7,7,7,7,7,1,1,1,1
683,7,7,7,7,7,7,7,7,7,7,7,7,7,7,7,6,7,7,7,7,7,7,7,7,1,1,1,1
684,7,7,7,7,6,6,2,4,7,7,7,7,7,7,7,7,7,7,7,7,4,6,6,4,1,1,1,1
685,7,7,7,7,7,7,7,7,7,7,7,7,7,7,7,7,7,7,7,7,7,7,7,7,1,1,1,1
686,7,7,7,7,7,6,6,7,7,6,6,6,6,6,7,7,7,7,6,6,7,6,7,6,2,1,1,1
687,7,7,7,7,1,1,1,1,7,7,7,7,7,7,7,7,7,7,7,7,7,7,7,7,1,1,1,1
688,6,7,7,7,7,7,6,7,6,7,6,6,6,7,7,7,7,7,7,6,7,6,7,7,2,1,1,1
689,1,1,1,1,1,1,1,1,1,2,3,2,3,3,6,1,6,5,5,5,5,4,5,4,4,3,3,3
690,7,7,7,7,7,7,7,7,7,6,7,5,7,6,5,4,7,7,7,7,7,7,7,7,1,1,1,1
691,7,7,7,7,7,7,7,7,7,7,7,7,7,7,7,7,7,7,7,7,7,7,7,7,1,1,1,1
692,6,7,6,7,6,7,6,7,6,7,6,7,7,6,7,6,6,7,6,7,7,7,7,7,1,1,1,1
693,7,7,7,6,7,7,7,7,6,7,7,7,6,6,7,7,6,7,6,7,7,6,6,6,2,1,2,1
694,4,6,6,5,6,7,5,7,7,5,6,6,5,6,5,7,7,7,5,7,5,5,7,7,2,1,2,2
695,7,6,6,6,7,6,7,7,6,7,7,7,6,7,7,7,6,7,7,6,7,6,7,6,1,1,1,1
696,7,6,7,7,7,7,7,6,7,6,6,6,6,6,6,6,7,7,6,6,6,6,7,7,1,2,1,1
697,6,6,5,6,6,5,6,5,5,6,5,6,5,5,6,6,6,5,6,6,5,6,6,5,2,2,3,3
698,6,7,6,6,6,2,3,1,7,6,7,7,6,6,7,7,7,7,5,6,7,6,7,7,1,2,1,1
699,7,7,7,7,7,7,7,7,7,7,7,6,7,7,7,7,7,7,7,7,7,7,7,7,1,1,1,1
700,7,7,6,6,7,6,7,6,7,6,7,6,7,6,7,7,6,7,6,7,7,6,7,7,2,2,1,2
701,5,6,7,6,6,6,5,5,7,7,5,7,7,5,6,7,6,7,6,5,6,7,7,6,2,1,3,1
702,7,7,6,7,6,6,7,7,6,7,7,7,6,7,6,7,7,6,7,7,6,7,7,6,1,1,2,1
703,5,6,5,6,6,3,3,6,7,5,6,7,4,4,5,3,6,7,7,6,4,5,5,6,1,1,4,1
704,5,6,6,6,6,5,5,5,6,6,6,6,6,6,6,6,6,6,6,6,6,6,6,6,2,2,2,1
705,6,6,7,7,1,2,1,1,6,7,6,7,7,6,7,7,7,6,6,6,7,7,7,7,2,1,1,1
706,5,6,7,7,5,6,7,7,5,7,5,7,5,6,7,5,7,7,6,6,7,6,6,5,2,1,1,2
707,5,7,7,6,2,2,1,1,7,6,6,7,6,7,6,7,7,6,7,6,7,5,6,6,1,2,2,2
708,7,5,7,6,7,6,7,6,7,5,6,5,6,7,5,6,5,7,5,6,7,7,5,7,3,2,1,2
709,7,7,5,6,2,1,2,1,7,6,6,6,7,6,6,7,7,7,5,6,7,7,6,7,2,3,2,2
710,7,6,6,7,5,3,3,3,6,6,7,7,6,6,7,7,7,6,6,6,5,6,5,5,1,1,1,1
711,6,6,6,6,7,7,6,6,6,6,5,6,5,5,5,5,6,6,6,6,6,6,2,2,2,2,2,2
712,6,7,7,7,6,6,6,6,6,6,7,7,7,7,7,7,6,6,7,6,6,6,6,6,1,1,2,1
713,7,7,7,7,3,5,1,1,7,7,7,7,7,7,7,7,7,7,7,7,7,7,5,5,1,1,1,1
714,6,5,6,7,6,6,6,7,7,7,6,7,5,6,5,6,6,6,6,6,7,6,5,5,1,1,2,2
715,5,6,4,6,3,4,3,2,5,4,7,5,4,6,5,5,5,4,7,5,6,5,6,6,4,3,4,3
716,7,7,7,7,4,6,5,4,7,7,7,7,7,7,7,7,7,6,7,7,6,7,7,7,1,2,1,1
717,6,6,6,6,6,6,3,6,6,5,6,6,6,6,6,6,7,6,7,6,5,6,6,6,1,1,2,2
718,6,7,5,7,3,3,3,2,6,7,5,6,6,7,5,5,5,7,6,7,6,7,6,5,2,3,1,1
719,6,6,5,6,5,6,6,4,7,6,6,5,5,5,4,5,6,6,5,6,5,5,5,6,2,2,2,2
720,4,4,5,4,6,4,5,6,5,4,6,4,5,6,5,4,4,5,6,4,5,4,6,4,3,3,2,4
721,6,6,7,7,4,3,2,1,6,7,6,6,7,6,6,7,7,6,7,6,5,6,5,4,1,2,2,2
722,7,7,7,7,1,2,2,1,7,7,6,6,7,6,6,7,7,6,7,6,7,7,7,7,1,1,1,1
723,7,7,7,7,7,7,7,7,7,7,6,6,7,7,6,6,7,7,7,6,7,6,7,7,1,1,1,2
724,7,4,3,7,4,5,6,3,6,5,5,5,6,4,3,5,5,5,6,7,6,6,7,6,3,1,2,1
725,7,7,6,7,3,1,2,1,7,7,6,6,7,7,6,6,7,7,7,7,7,7,6,6,1,1,2,1
726,6,7,7,7,1,1,1,1,7,7,7,7,7,7,6,7,7,6,7,6,7,7,6,7,2,1,1,1
727,7,6,7,6,5,6,4,5,6,6,6,7,7,7,6,6,6,6,7,7,6,5,5,5,1,2,1,1
728,7,6,7,7,5,5,3,5,6,7,6,7,7,7,7,6,6,7,6,6,4,5,5,5,2,1,2,1
729,7,7,7,7,3,2,1,1,7,7,7,7,7,7,7,7,7,7,7,7,4,7,3,5,1,3,1,1
730,6,7,6,7,6,6,7,6,7,6,6,6,7,6,7,6,6,6,7,6,6,6,7,7,2,1,1,1
731,6,6,6,6,5,5,2,2,7,7,6,7,7,7,7,7,7,7,7,7,5,6,6,7,1,1,1,1
732,6,7,6,7,6,7,6,7,6,7,7,6,7,6,7,7,7,7,7,6,7,7,6,7,2,1,1,1
733,7,7,7,7,6,7,7,7,7,7,7,7,7,7,7,7,7,7,7,7,7,7,7,7,1,1,1,1
734,7,7,7,7,7,7,6,6,7,7,6,6,7,7,7,7,7,7,7,7,6,6,7,6,1,2,1,2
735,6,7,7,6,7,6,7,7,7,6,7,7,7,6,7,7,7,6,6,6,7,7,6,7,1,2,1,1
736,4,6,5,6,6,6,4,6,5,4,4,4,6,4,6,5,6,5,6,5,6,6,5,4,2,4,3,3
737,7,7,7,6,1,1,1,1,7,7,7,6,7,6,7,6,6,7,6,7,7,7,7,7,2,1,1,1
738,6,7,6,7,2,3,2,2,6,7,7,7,6,7,6,7,6,6,7,6,6,7,6,7,3,2,2,2
739,6,7,6,7,6,6,7,6,7,6,6,6,7,6,7,6,6,6,7,6,7,7,6,6,1,2,2,2
740,6,5,5,6,6,3,3,2,6,6,5,7,6,5,7,6,6,5,7,7,4,5,6,4,2,2,1,2
741,5,6,4,6,4,4,5,5,6,7,6,6,6,5,5,6,7,6,6,5,5,5,3,2,1,2,1,1
742,6,7,7,7,7,7,6,7,7,7,7,7,7,7,7,6,7,7,6,6,7,7,7,7,1,2,1,1
743,6,7,7,6,6,7,6,6,7,7,7,7,6,7,7,7,7,7,7,6,7,7,7,7,1,1,1,1
744,7,7,7,7,6,7,6,7,7,7,7,7,7,7,7,7,7,7,7,7,7,7,7,7,1,1,1,1
745,6,4,4,6,5,4,5,5,5,5,4,5,5,5,6,6,5,5,5,4,4,4,4,4,2,4,3,3
746,7,7,7,7,6,7,7,7,7,7,7,7,7,7,7,7,7,7,7,7,7,7,7,7,1,1,1,1
747,6,7,6,7,1,2,2,3,6,6,6,6,7,6,7,6,6,6,7,6,7,7,6,6,1,3,1,1
748,7,7,7,7,6,7,6,6,7,7,7,7,7,7,7,7,7,7,7,7,7,7,7,7,1,1,1,1
749,6,7,7,7,1,1,1,1,7,6,7,6,7,7,6,6,6,6,6,7,7,7,6,6,1,1,1,2
750,7,7,7,7,1,1,1,1,6,7,7,7,6,7,6,7,7,6,7,7,6,6,7,6,1,1,1,1
751,7,6,7,7,1,1,1,1,6,7,6,6,7,7,6,7,7,7,7,6,7,7,6,7,2,1,1,2
752,7,6,6,6,1,1,1,1,6,7,7,7,6,7,6,7,7,7,7,6,6,7,6,7,2,1,2,2
753,2,6,6,6,7,5,7,7,7,7,7,6,1,1,1,1,7,7,5,5,3,5,4,4,1,1,1,1
754,6,7,6,7,1,1,1,1,6,7,7,7,7,6,7,6,7,7,6,7,6,6,6,7,2,2,1,2
755,7,7,7,7,7,7,7,7,7,7,7,7,7,7,7,7,7,7,7,7,7,7,7,7,1,1,1,1
756,6,7,6,7,1,3,2,3,6,6,5,5,6,7,6,7,7,7,5,7,6,6,7,7,3,1,1,2
757,7,6,7,6,1,2,3,2,6,6,6,6,7,6,7,6,6,7,6,6,7,7,6,6,2,2,3,3
758,7,7,7,7,6,7,6,7,7,7,7,7,7,7,7,7,7,7,7,7,7,7,7,7,1,1,1,1
759,5,6,5,5,5,5,6,6,5,4,5,5,5,5,6,4,5,6,5,6,6,6,5,5,2,3,3,3
760,6,7,5,6,1,2,3,3,6,5,6,6,6,6,7,6,6,6,6,7,6,7,6,6,1,3,2,2
761,7,7,7,7,6,7,6,6,7,7,7,7,7,7,7,7,7,7,7,7,7,7,7,7,1,1,1,1
762,7,6,7,7,1,3,2,2,7,6,6,6,6,7,6,7,7,7,5,7,6,6,7,6,1,2,2,2
763,7,7,7,7,4,3,2,3,7,7,7,7,7,7,7,7,7,7,7,7,6,6,5,5,1,1,1,1
764,3,5,4,5,5,6,5,6,5,6,7,5,5,7,5,7,7,7,6,6,7,7,5,7,2,3,1,3
765,7,7,7,7,5,7,7,6,7,7,7,7,7,7,7,6,6,7,7,6,5,5,5,5,1,1,1,1
766,7,7,7,7,5,5,5,5,7,7,7,7,7,7,7,7,7,7,7,7,5,6,6,4,1,1,1,1
767,7,7,7,7,7,7,7,7,7,7,7,7,7,7,7,7,7,7,7,7,7,7,7,7,1,1,1,1
768,7,7,7,7,7,7,7,7,7,7,7,7,7,7,7,7,7,7,7,7,7,7,7,7,1,1,1,1
769,6,6,6,6,5,5,2,4,6,6,6,6,5,5,5,6,6,5,5,6,4,5,3,3,1,1,1,1
770,7,7,7,7,7,7,7,7,7,7,7,7,7,7,7,7,7,7,7,7,7,7,7,7,1,1,1,1
771,7,7,7,7,1,1,1,1,7,7,7,7,7,7,7,7,7,7,7,7,1,4,4,4,1,3,1,1
772,6,6,7,7,6,6,6,6,5,6,5,6,6,5,7,7,7,6,7,6,5,6,7,6,3,2,2,1
773,6,7,6,6,6,6,5,5,6,5,5,5,6,5,6,5,5,5,6,6,6,6,5,5,3,2,2,3
774,7,7,7,7,1,1,1,1,7,7,7,7,7,7,7,7,7,7,7,7,7,7,7,7,1,1,1,1
775,5,7,7,6,6,6,6,5,5,5,5,5,6,7,7,7,7,5,5,6,5,6,6,5,1,1,2,2
776,6,6,5,6,6,6,7,7,6,5,7,6,6,7,5,6,6,5,6,6,7,6,6,7,2,2,2,3
777,7,7,7,7,5,6,5,5,7,7,7,7,7,7,7,7,7,7,7,7,7,7,7,7,1,1,1,1
778,6,7,7,7,5,6,7,7,7,6,5,5,6,7,7,7,7,6,7,6,6,6,7,7,1,2,2,1
779,6,5,5,6,5,7,6,6,7,5,6,5,7,5,6,6,5,5,6,4,6,7,5,7,2,1,3,2
780,7,7,6,6,7,7,6,7,6,7,7,6,7,6,7,6,7,6,7,7,6,6,7,6,1,1,2,1
781,7,7,6,7,7,7,7,6,7,7,7,7,6,6,7,7,7,6,6,7,7,7,6,7,1,2,1,1
782,6,6,7,6,1,3,2,3,6,6,6,7,6,7,6,7,7,7,6,7,6,6,7,7,3,1,2,2
783,6,7,6,6,1,3,1,3,6,7,6,6,7,6,7,7,7,7,6,6,6,6,7,7,2,1,1,2
784,7,6,5,7,5,6,5,6,7,7,6,7,7,7,6,6,7,6,7,7,5,7,7,4,2,2,2,1
785,7,6,7,6,1,3,2,3,7,6,6,6,6,7,6,7,7,7,6,7,6,6,7,7,2,1,1,1
786,6,6,6,6,5,4,5,5,6,6,6,6,6,6,7,5,6,6,7,6,4,6,6,6,2,1,1,1
787,6,7,6,7,1,3,2,3,7,6,6,6,7,6,7,6,6,6,7,6,7,7,6,6,2,1,1,1
788,6,7,6,7,1,1,3,3,6,6,6,6,6,7,6,6,6,6,6,7,6,6,6,6,1,2,2,2
789,6,7,6,6,1,2,3,2,6,6,6,6,7,6,7,6,6,6,7,6,7,7,6,6,2,1,1,1
790,7,6,7,7,1,2,3,3,7,6,6,6,7,6,6,7,7,7,6,7,7,7,6,5,1,2,2,2
791,5,5,5,7,5,5,3,5,5,7,7,7,7,4,7,7,7,7,7,5,4,6,3,3,1,2,2,2
792,6,6,6,6,7,6,6,6,6,6,6,6,6,6,6,6,7,6,6,6,7,6,5,6,2,2,2,1
793,7,7,7,7,7,7,7,7,7,7,7,7,7,7,7,7,7,7,7,7,7,7,7,7,1,1,1,1
794,6,6,6,6,5,6,5,2,2,5,6,6,6,6,6,6,6,6,6,6,4,6,4,4,2,2,2,2
795,5,2,3,3,6,6,5,6,4,5,6,6,4,5,5,5,6,6,6,6,6,6,6,6,2,2,2,2
796,7,7,7,7,5,6,5,4,7,7,7,7,7,7,7,7,7,7,7,7,7,7,7,7,1,1,1,1
797,7,7,7,7,6,7,7,7,7,6,6,6,6,6,7,7,7,7,7,7,7,6,6,6,3,2,3,2
798,7,7,7,6,6,7,5,7,7,7,7,7,6,5,6,7,7,7,7,5,7,7,6,3,1,1,1,1
799,5,6,6,7,6,6,6,6,6,6,5,5,5,5,5,5,7,7,7,3,3,5,5,2,2,1,1,1
800,6,6,5,6,6,6,5,5,5,6,6,6,5,4,5,5,5,6,5,7,5,5,6,6,2,3,3,2
801,7,6,7,6,6,6,7,6,6,7,6,6,6,6,6,7,7,7,7,6,7,6,7,7,1,2,1,1
802,7,4,6,4,4,4,5,7,6,4,6,6,6,6,6,6,7,6,6,4,4,7,6,6,2,2,2,2
803,6,7,5,7,2,1,2,1,7,6,7,7,7,6,7,5,7,7,7,5,6,6,7,5,1,2,1,1
804,7,7,7,7,1,1,1,1,7,7,7,7,7,7,7,7,7,7,7,7,7,7,7,7,1,1,1,1
805,6,6,6,6,1,1,1,1,6,5,5,5,6,5,5,6,6,5,6,6,6,6,6,6,3,2,2,2
806,4,4,4,3,5,5,4,4,6,4,4,5,3,4,3,4,2,2,4,3,5,5,5,6,4,2,4,4
807,6,7,6,7,7,6,6,2,6,6,6,6,6,7,6,7,6,6,7,6,6,6,6,6,2,1,2,2
808,6,7,5,7,4,6,7,5,7,6,7,7,7,7,6,7,7,7,6,7,5,7,5,4,2,1,2,3
809,7,7,7,7,3,4,3,3,7,6,7,7,7,7,7,7,7,7,7,7,7,7,7,7,1,1,1,1
810,7,6,7,7,7,6,6,7,5,6,5,3,7,7,7,7,6,5,6,7,5,5,3,3,1,1,2,1
811,7,6,5,7,2,1,2,1,7,6,7,7,7,6,7,6,7,7,7,5,7,7,6,5,1,2,1,1
812,6,5,6,6,5,5,4,4,4,4,4,6,6,5,5,6,5,5,5,5,5,5,5,5,1,2,2,2
813,5,6,6,5,6,4,6,6,6,7,5,5,6,5,5,4,6,5,6,7,6,6,5,5,1,2,2,2
814,6,5,6,5,7,4,6,6,6,7,5,5,6,5,6,4,6,5,6,7,6,6,6,5,1,2,2,2
815,7,7,7,7,5,6,5,2,7,7,7,7,7,7,7,7,7,7,7,7,5,6,5,4,1,1,1,1
816,7,7,7,7,5,5,5,3,6,7,7,7,7,7,7,6,7,7,7,7,5,6,5,4,1,1,1,1
817,5,5,5,5,5,4,4,4,5,5,5,5,5,5,5,5,5,5,5,5,5,5,5,5,3,3,3,3
818,6,6,7,6,2,2,2,3,6,6,6,5,6,7,6,6,7,6,7,6,7,6,5,6,1,2,3,2
819,4,7,5,5,2,1,2,1,6,7,6,5,7,6,7,5,7,7,7,6,7,6,7,6,1,2,3,1
820,6,6,7,6,2,4,2,3,6,6,6,6,6,7,6,6,6,7,6,6,5,5,6,7,3,2,1,3
821,7,6,7,6,3,4,2,3,6,7,7,7,6,7,6,7,7,7,6,7,7,6,7,7,1,2,1,2
822,7,7,7,7,5,7,2,4,7,7,7,7,7,7,7,7,7,7,7,7,5,7,4,5,1,1,1,1
823,6,5,7,6,2,2,3,3,7,5,6,5,7,5,6,7,5,6,5,7,6,4,5,6,2,1,2,3
824,6,7,6,7,2,3,1,3,7,6,6,6,7,6,7,6,6,6,7,6,7,7,6,6,1,1,1,1
825,4,6,7,7,2,2,1,1,7,6,5,6,7,6,5,7,5,7,6,6,7,6,5,7,2,1,2,3
826,6,7,6,6,2,4,3,2,6,6,5,6,5,6,6,5,6,6,6,5,6,5,6,6,2,3,2,2
827,7,6,7,7,6,5,5,4,7,6,5,6,5,6,5,6,7,6,7,5,5,6,7,6,1,3,2,2
828,6,5,7,5,5,5,7,5,6,5,5,4,6,7,6,4,5,6,7,5,6,7,6,5,1,1,3,3
829,6,5,6,6,4,3,6,5,3,6,6,7,6,5,6,5,7,5,7,6,5,6,5,6,1,2,2,1
830,6,6,5,7,4,5,2,3,6,5,6,6,5,7,6,5,7,7,6,5,6,6,5,5,2,1,3,1
831,7,6,7,7,7,6,7,7,7,6,7,7,7,6,7,7,7,6,7,7,7,7,7,6,1,1,1,1
832,7,5,6,7,2,2,3,2,7,6,6,6,7,6,7,6,6,6,7,6,5,5,6,5,1,2,1,1
833,7,5,6,7,2,2,3,1,7,6,6,7,6,7,6,7,7,7,6,7,5,7,5,5,1,2,2,1
834,6,6,6,6,6,6,6,6,6,6,6,6,5,5,5,4,5,5,6,4,4,6,6,5,1,1,1,3
835,6,7,6,7,3,4,2,3,6,5,6,6,7,6,5,6,5,6,5,7,6,6,5,7,2,3,2,1
836,7,5,6,6,7,5,6,6,7,5,7,5,7,7,6,5,6,7,6,5,6,5,6,7,2,3,2,1
837,7,6,7,6,7,6,7,7,7,6,6,7,6,7,6,6,6,6,7,6,7,6,7,7,2,1,1,2
838,6,5,7,5,6,7,6,6,5,7,5,7,5,6,5,6,5,7,5,6,6,6,7,5,1,1,2,1
839,7,6,5,6,3,3,2,3,7,5,7,7,6,5,6,5,7,5,6,7,6,6,6,6,1,2,2,2
840,6,6,7,6,5,6,7,7,6,6,6,7,6,5,6,7,6,7,6,5,6,6,6,7,3,2,1,2
841,6,6,6,7,6,6,6,6,6,7,6,6,7,6,7,5,7,6,6,5,7,6,5,6,1,2,1,1
842,6,7,7,5,6,7,6,6,7,7,6,7,7,7,5,6,7,6,7,7,7,6,7,6,1,2,1,1
843,7,7,7,7,7,7,7,7,7,7,7,7,7,7,7,7,7,7,7,7,6,7,7,6,1,1,1,1
844,6,7,6,7,2,3,2,1,6,6,7,6,6,7,6,7,6,6,7,7,7,6,7,6,2,2,1,1
845,7,7,7,7,7,7,7,7,7,7,7,7,7,7,7,7,7,7,7,7,7,7,7,7,2,1,2,1
846,6,5,6,7,3,3,2,1,6,5,7,5,5,6,7,6,7,5,6,7,6,5,6,6,1,2,2,2
847,7,5,6,7,5,2,3,2,6,7,7,7,6,7,6,7,6,6,7,6,7,6,6,4,1,2,2,1
848,7,7,7,7,7,7,7,6,7,7,6,6,7,7,6,7,7,7,7,6,7,6,7,7,1,1,1,1
849,6,7,7,6,7,6,7,7,7,7,7,7,7,7,7,6,7,7,7,6,7,7,7,7,1,1,1,1
850,6,7,7,6,1,1,3,2,7,6,7,6,7,7,6,5,5,7,7,6,6,6,6,7,3,2,1,2
851,7,7,7,7,3,1,2,2,6,7,6,7,7,6,6,6,7,6,6,5,7,7,6,5,2,1,2,1
852,5,7,6,7,3,2,1,2,6,7,6,7,6,5,5,6,6,6,7,7,7,6,7,6,3,2,1,2
853,7,7,5,7,2,1,3,3,6,7,6,5,7,6,6,5,5,7,6,5,6,7,6,6,1,1,2,1
854,7,7,7,7,7,7,7,5,7,7,7,7,7,7,7,6,7,7,7,7,7,7,7,6,1,1,1,1
855,5,6,7,6,3,3,3,1,5,7,6,6,6,7,6,5,6,7,6,5,7,7,6,6,2,1,2,2
856,7,6,5,7,3,2,2,1,6,7,6,7,7,7,7,5,5,7,6,7,7,7,6,6,2,1,3,1
857,7,7,7,7,6,7,5,5,7,7,7,7,7,7,7,7,6,7,7,7,7,7,7,7,1,1,1,1
858,6,6,7,6,2,1,1,2,5,7,5,7,6,5,6,7,6,7,7,6,5,7,6,7,1,1,2,2
859,7,7,7,7,6,7,7,7,7,7,6,7,7,7,7,7,7,7,7,7,7,7,7,7,1,1,1,1
860,6,5,7,6,3,3,2,1,6,7,5,6,5,6,6,5,5,7,5,6,6,6,5,7,3,2,2,2
861,7,6,7,6,6,6,6,7,7,7,7,7,7,7,7,7,7,7,6,7,7,7,7,7,1,2,1,1
862,5,6,5,6,3,3,2,3,6,5,7,5,5,6,6,5,6,6,7,6,5,5,6,6,3,2,2,2
863,7,7,7,7,7,7,7,7,7,7,7,7,7,7,7,7,7,7,7,7,7,7,7,7,1,1,1,1
864,6,5,5,6,3,2,1,2,5,7,5,7,7,5,6,7,7,5,6,7,7,6,7,6,2,2,2,1
865,7,7,6,5,2,2,1,2,5,7,6,6,7,7,6,6,7,6,7,7,7,6,7,6,2,1,1,2
866,5,7,6,6,2,2,1,1,6,7,5,6,7,6,6,7,6,7,6,5,7,6,6,5,1,1,2,1
867,7,6,6,6,3,3,3,1,6,7,6,6,7,7,6,7,7,6,6,7,7,6,7,6,2,3,1,3
868,5,7,6,7,1,3,2,3,6,5,7,5,6,7,6,7,6,6,5,6,6,5,6,5,2,3,1,2
869,7,7,7,7,6,7,7,5,7,7,7,6,7,7,6,7,7,7,7,7,7,7,7,7,1,1,1,1
870,7,7,6,7,7,7,6,6,7,7,7,7,7,6,7,7,7,6,7,7,6,7,7,6,1,1,1,1
871,7,6,7,7,7,6,7,6,7,7,7,7,7,7,7,7,7,7,7,6,7,7,7,7,1,2,1,1
872,5,6,7,6,1,3,3,2,7,5,7,5,6,5,6,7,7,5,6,7,5,7,6,5,2,1,3,2
873,7,6,6,7,2,3,3,2,6,7,5,7,7,6,6,7,6,7,6,6,7,6,5,7,2,1,2,1
874,6,5,6,5,3,3,2,1,6,5,7,7,6,5,6,7,7,6,5,6,6,6,7,5,2,1,1,2
875,5,5,6,5,2,2,2,2,5,5,5,5,5,5,6,6,5,5,7,5,4,3,4,4,3,3,3,1
876,7,5,6,6,3,2,2,1,5,7,6,6,5,7,6,6,7,5,7,6,6,7,6,6,3,1,3,2
877,5,6,7,5,2,2,1,2,7,6,7,6,6,7,6,5,6,6,6,7,7,5,7,7,2,3,1,2
878,5,7,5,7,3,2,1,2,6,7,5,7,5,6,6,5,6,7,6,5,7,5,5,7,2,2,1,2
879,6,6,5,6,3,2,2,2,6,7,6,6,5,6,7,7,6,7,7,6,5,7,7,5,3,1,2,2
880,6,5,6,6,3,3,1,2,6,7,5,7,6,5,6,7,7,5,6,7,6,6,5,7,2,3,1,2
881,5,6,7,5,3,3,2,3,6,7,5,7,6,5,6,7,5,5,6,7,7,6,5,6,3,2,2,2
882,7,6,7,7,6,6,6,6,7,7,7,6,7,7,7,7,6,7,7,7,6,7,7,6,1,1,1,1
883,6,7,7,7,6,7,6,6,7,7,6,7,7,6,7,7,6,7,7,7,7,6,7,7,1,1,1,1
884,6,7,7,6,3,2,1,2,6,7,5,7,6,5,5,7,6,7,6,5,6,6,7,6,3,2,1,1
885,6,6,7,5,3,2,2,1,5,7,5,7,7,6,6,6,7,7,6,5,7,6,6,5,2,1,3,2
886,7,6,6,6,2,2,2,1,5,7,6,6,6,5,7,6,7,5,6,7,7,6,5,6,3,1,2,1
887,6,6,7,6,6,7,6,7,7,7,7,7,7,7,7,7,7,7,7,7,7,7,7,7,1,1,1,1
888,7,7,7,6,7,6,7,7,6,7,7,7,7,6,7,7,7,7,7,6,7,6,6,6,1,1,1,1
889,6,7,6,6,3,2,2,1,6,7,5,7,7,6,5,6,7,5,6,7,6,7,6,7,1,2,1,2
890,7,7,6,7,2,1,1,2,6,5,6,7,6,6,5,7,7,5,5,7,6,5,6,7,3,1,1,1
891,7,7,7,7,7,6,7,7,7,6,7,7,6,7,7,7,7,6,7,7,7,7,6,7,2,1,1,1
892,7,7,7,7,7,7,7,7,7,7,7,7,7,7,7,7,7,7,7,7,7,7,7,7,1,1,1,1
893,6,7,6,6,3,2,3,2,7,6,7,6,7,6,7,6,6,7,6,7,5,7,6,7,1,2,1,2
894,6,7,7,6,6,7,7,6,7,7,6,7,7,7,7,6,7,6,7,7,7,7,7,7,1,1,1,1
895,7,7,7,7,4,3,4,4,3,6,7,7,7,7,7,7,7,7,7,7,7,7,7,7,1,1,1,1
896,6,5,6,6,2,2,1,2,6,7,7,7,7,6,5,6,7,5,6,7,7,5,6,6,2,1,2,2
897,5,6,5,6,3,3,2,3,6,7,5,5,7,6,5,7,6,6,7,6,5,6,5,5,2,1,3,2
898,7,5,6,6,1,1,1,2,7,6,6,6,7,6,7,6,7,7,6,6,7,6,5,7,1,2,2,1
899,6,7,7,7,7,7,6,6,7,7,7,7,6,7,7,7,7,6,7,6,7,7,7,7,1,1,1,1
900,6,5,6,7,5,3,2,3,7,6,6,6,7,6,7,6,7,7,6,5,5,6,5,5,1,2,2,2
901,7,6,5,6,6,7,5,2,6,6,6,7,6,6,6,5,6,7,5,6,1,6,6,4,2,2,2,2
902,6,7,7,6,6,7,7,6,7,7,7,7,6,7,7,7,7,7,7,6,7,7,7,7,1,2,1,1
903,6,6,7,7,1,1,2,1,7,6,7,6,7,7,6,6,7,7,7,6,7,5,6,6,1,1,1,2
904,7,6,6,7,2,1,2,1,7,7,7,6,6,7,7,6,7,6,7,7,6,7,6,6,1,1,1,2
905,5,6,5,6,5,3,3,5,7,5,5,6,7,6,6,7,6,5,7,6,5,6,6,5,2,2,3,3
906,4,5,4,5,6,5,3,4,6,5,4,4,5,6,6,5,5,4,6,5,6,6,4,5,3,5,3,3
907,5,5,5,6,2,5,4,5,4,4,5,6,5,6,5,5,5,5,6,5,5,4,4,5,4,3,3,3
908,6,5,4,5,5,5,3,4,5,6,5,5,4,5,4,4,6,5,4,5,4,4,5,5,2,3,3,3
909,6,6,5,6,5,3,2,3,6,7,5,6,6,6,6,6,6,6,7,5,6,5,7,6,3,2,2,2
910,7,5,7,7,6,5,7,5,6,7,7,6,7,7,6,6,5,5,7,6,6,5,7,7,3,2,3,3
911,6,6,6,5,4,5,4,5,5,5,5,6,5,5,5,4,6,5,6,5,6,6,5,4,3,3,2,2
912,6,7,6,7,5,7,7,6,6,6,7,6,7,6,6,6,6,6,6,6,6,6,6,7,2,2,2,2
913,6,6,5,6,4,5,6,2,6,5,5,6,6,5,6,5,6,6,7,5,6,6,5,6,2,2,2,3
914,7,7,7,7,5,5,2,6,7,7,7,7,7,7,7,7,7,7,6,6,4,6,4,4,1,1,2,1
915,6,7,6,7,6,6,7,6,7,6,6,6,7,6,7,6,6,6,7,7,6,6,7,7,2,1,2,2
916,5,6,6,6,5,4,3,2,5,6,6,6,6,7,6,7,6,7,6,5,3,6,3,4,1,1,1,2
917,6,7,6,7,6,6,7,6,7,6,7,7,7,6,7,6,6,6,7,6,7,6,6,6,1,2,1,1
918,7,7,7,7,6,6,7,7,7,6,6,7,6,7,6,7,7,6,7,6,6,6,7,7,2,1,1,1
919,6,7,6,7,3,3,1,2,6,7,7,6,7,6,7,6,7,7,6,6,7,7,6,6,1,2,1,1
920,6,7,6,7,7,7,7,6,6,7,7,7,6,7,6,7,7,7,6,7,6,6,7,7,2,1,1,1
921,4,6,4,6,7,6,4,5,6,4,6,6,4,6,5,4,5,7,4,7,4,6,5,6,3,4,4,4
922,7,7,6,7,6,6,7,6,6,7,7,7,6,7,6,7,6,7,6,7,7,7,6,6,1,2,2,2
923,6,6,5,6,2,2,2,3,5,5,6,6,6,6,6,6,7,7,7,7,6,5,4,2,1,3,1,1
924,7,6,7,6,7,6,7,6,7,7,6,6,7,6,7,6,6,6,6,7,7,7,6,6,1,2,2,2
925,7,7,6,7,7,5,1,6,6,6,6,6,7,7,7,6,6,7,7,7,7,7,6,6,1,1,1,1
926,6,6,6,7,1,2,1,3,7,7,7,7,7,7,7,6,7,7,7,7,5,4,6,6,1,3,1,1
927,6,7,6,7,2,1,1,1,7,6,6,7,6,7,6,7,7,7,6,7,6,6,7,7,1,2,2,2
928,4,6,6,4,5,7,5,6,7,5,4,6,7,7,5,6,5,4,5,6,5,7,4,5,3,1,3,1
929,6,7,6,7,6,6,7,6,7,6,6,6,6,7,6,7,7,7,6,7,6,6,7,7,2,2,2,1
930,7,7,7,7,7,7,7,7,7,7,7,6,7,7,7,7,6,7,7,7,7,7,6,7,1,2,1,1
931,5,7,5,7,5,5,5,7,4,6,6,7,4,5,5,6,6,6,6,5,4,5,6,6,2,1,4,1
932,6,6,7,6,7,2,1,1,6,6,7,6,6,6,6,7,6,7,6,6,6,7,7,7,1,1,1,1
933,7,6,7,6,7,7,6,7,6,7,7,7,6,7,6,7,7,7,6,7,7,7,6,6,1,2,2,2
934,7,7,6,7,6,7,6,7,6,7,6,6,7,6,7,6,6,6,7,6,7,7,6,6,1,2,2,2
935,7,6,7,6,6,6,7,6,7,7,7,7,6,7,6,7,7,6,7,6,7,7,7,7,2,1,1,1
936,6,7,6,6,7,6,7,7,6,6,6,6,6,7,6,6,6,6,7,5,7,6,7,6,2,1,1,2
937,6,5,7,7,6,7,6,7,5,7,6,5,6,7,7,5,5,6,7,6,7,7,6,6,1,3,1,2
938,6,6,6,6,5,3,6,3,6,5,5,5,6,5,6,5,6,6,5,6,5,5,6,6,2,2,2,2
939,7,7,7,7,1,2,2,3,6,7,7,6,7,7,7,7,6,6,6,6,6,6,5,6,2,2,2,1
940,7,6,5,4,7,6,5,5,7,5,5,6,5,6,4,5,7,5,6,7,5,7,5,6,1,3,4,3
941,6,6,6,6,6,6,6,7,6,7,6,6,7,7,6,7,7,6,6,6,6,7,6,7,2,2,2,2
942,7,6,6,7,1,2,1,2,7,6,6,7,6,7,6,6,6,6,6,6,6,7,6,6,2,2,2,2
943,4,6,7,6,4,5,6,4,6,7,5,7,5,5,6,4,7,4,6,7,5,6,7,7,3,3,2,1
944,6,7,6,7,6,6,7,6,7,7,7,7,6,7,6,7,7,7,6,7,6,6,7,7,1,2,2,2
945,6,7,7,7,7,7,7,7,7,7,7,7,7,7,7,7,7,7,7,7,7,6,7,7,1,2,2,1
946,7,7,7,7,1,1,1,1,7,7,7,7,7,7,7,7,7,7,7,7,7,5,5,6,1,1,1,1
947,6,4,5,3,5,4,3,6,6,4,6,5,7,5,4,5,5,6,6,5,3,6,5,6,1,2,5,2
948,6,5,6,5,6,6,5,5,6,5,6,6,6,7,7,6,6,5,7,6,5,7,6,6,2,1,2,1
949,6,6,7,7,2,3,3,4,6,6,6,7,6,6,7,6,6,7,7,6,5,6,6,4,1,2,2,1
950,6,7,6,6,2,1,1,1,6,7,6,6,7,6,7,6,7,6,7,7,6,6,7,7,2,1,1,1
951,6,7,5,5,6,7,6,7,6,6,7,6,7,7,7,7,7,6,6,7,6,6,7,6,1,1,1,1
952,6,7,6,7,6,6,7,6,7,6,6,6,6,7,6,7,7,7,6,7,6,6,7,7,1,2,2,2
953,6,6,6,5,6,3,5,3,6,6,5,6,6,5,6,5,6,6,5,6,6,6,5,6,2,3,2,3
954,6,7,6,7,6,6,7,6,7,7,7,7,6,7,6,7,7,7,6,7,6,6,7,7,2,1,1,1
955,7,6,7,7,7,6,7,6,7,6,6,6,7,6,7,6,6,6,7,7,6,6,7,7,2,1,1,1
956,6,7,5,5,5,1,2,1,6,7,6,5,6,7,5,6,7,6,7,5,7,7,5,7,2,1,2,3
957,7,6,6,7,6,6,2,5,6,6,6,6,6,6,6,6,7,6,6,6,5,6,5,2,1,2,2,2
958,7,6,7,7,6,2,4,2,7,7,7,6,7,7,6,6,7,6,6,7,6,7,6,7,2,2,1,1
959,5,4,6,6,5,6,4,5,6,5,6,5,5,5,6,5,5,4,6,5,5,6,4,5,3,2,2,2
960,6,7,6,7,7,6,6,6,6,6,6,6,7,6,6,6,6,6,6,6,6,6,6,7,1,2,2,2
961,5,5,4,3,5,6,3,5,5,3,4,3,5,3,6,4,4,5,4,3,4,4,6,5,5,3,2,5
962,7,7,7,7,7,7,7,7,7,7,7,7,7,6,7,7,7,6,7,7,7,7,7,7,2,1,1,1
963,6,7,6,6,6,6,7,6,7,6,6,7,6,7,7,6,7,7,6,6,7,7,7,6,1,1,2,1
964,6,7,6,6,7,7,6,7,6,7,7,7,6,7,6,7,7,7,6,7,6,7,6,6,1,2,2,2
965,7,7,7,7,3,7,4,2,7,7,7,7,7,7,7,7,7,7,7,7,6,6,6,5,1,1,1,1
966,7,7,7,7,6,6,6,6,7,6,7,5,7,6,6,7,6,7,6,6,7,6,5,6,2,2,2,2
967,7,6,7,7,6,6,7,7,6,7,7,7,6,7,6,7,6,7,6,7,6,7,6,6,1,1,1,1
968,7,6,7,6,6,6,7,7,6,7,6,6,7,6,7,6,7,7,7,6,6,6,7,7,1,2,1,2
969,6,7,6,7,7,7,6,7,6,7,7,7,6,7,6,7,7,7,6,7,6,7,6,6,1,2,2,2
970,5,7,5,7,7,3,5,6,7,6,6,7,6,5,7,7,7,5,7,6,5,5,6,7,3,2,1,3
971,7,6,5,5,7,4,5,7,5,7,4,7,6,4,6,5,5,5,5,7,7,4,6,4,2,1,4,3
972,7,7,7,7,1,2,3,2,6,7,7,6,6,6,6,7,6,6,6,6,6,6,5,6,2,1,2,1
973,6,7,5,5,7,7,5,4,6,5,5,6,7,5,6,4,5,7,5,4,6,7,6,6,3,4,1,1
974,6,6,4,6,5,6,5,5,6,4,5,4,6,5,6,5,5,4,5,6,5,4,6,6,4,2,2,2
975,5,6,5,6,6,6,5,4,6,5,7,5,7,5,7,5,4,6,5,5,7,5,6,6,4,2,3,3
976,6,5,6,6,6,6,6,5,6,6,5,5,6,5,6,5,5,5,5,6,5,5,6,5,2,3,3,3
977,6,7,6,7,6,6,7,6,7,5,6,5,7,5,6,7,6,6,7,6,7,5,6,6,1,2,2,2
978,6,4,6,7,6,5,4,5,6,4,6,5,6,5,7,6,5,5,4,5,6,5,6,4,2,3,2,2
979,6,4,6,5,7,6,4,6,5,6,6,6,4,6,5,4,4,4,6,5,4,4,6,6,2,4,4,3
980,6,7,6,6,7,7,6,7,6,6,7,6,6,6,7,6,7,6,6,6,6,6,6,5,2,1,2,1
981,3,5,5,4,4,3,5,6,5,6,5,6,6,6,5,6,5,5,6,6,6,5,5,5,3,2,3,2
982,6,7,7,6,7,5,5,6,5,6,5,6,6,5,6,5,6,5,6,7,7,7,6,6,2,2,1,1
983,7,7,6,6,4,6,4,3,7,6,7,5,6,7,6,6,5,6,5,6,7,5,6,7,2,2,2,2
984,6,7,6,7,6,7,6,7,6,7,6,6,7,6,7,7,7,6,7,6,7,7,6,6,1,1,1,1
985,6,5,4,6,6,5,4,6,6,6,5,7,7,5,6,5,5,6,6,7,6,6,6,5,2,1,3,1
986,6,7,6,6,7,7,6,7,6,7,7,7,6,7,6,7,6,6,7,6,7,7,7,7,2,1,1,2
987,6,7,5,5,6,1,2,1,6,5,7,6,7,5,6,7,5,7,6,7,5,7,5,7,3,2,3,1
988,7,6,7,6,7,7,6,7,6,7,7,7,7,7,6,6,6,6,7,6,7,7,6,6,1,2,1,1
989,7,7,7,7,7,7,7,7,7,7,7,7,7,7,7,7,7,7,7,7,7,7,7,7,1,1,1,1
990,6,6,7,5,6,7,5,6,5,6,6,6,5,7,6,7,6,7,6,7,6,7,6,6,2,1,2,2
991,6,7,7,7,1,2,1,2,7,7,6,7,6,7,7,6,7,6,7,7,3,6,5,5,1,1,1,2
992,6,6,6,6,2,2,2,1,7,7,7,7,6,6,7,7,7,7,7,7,6,5,5,3,1,1,1,1
993,5,6,5,5,3,5,2,2,6,5,6,5,7,7,6,5,7,5,7,7,5,6,6,5,3,1,3,2
994,6,7,6,7,3,2,2,5,5,6,7,5,6,5,7,5,5,6,7,5,6,6,2,5,1,1,2,2
995,7,7,6,7,6,6,7,6,7,6,6,6,7,6,7,6,6,6,7,6,7,7,6,6,1,2,2,2
996,7,7,7,6,7,5,6,6,6,7,5,6,5,6,6,7,6,7,6,5,7,7,6,6,3,1,2,1
997,7,6,6,6,6,6,6,7,6,6,5,6,7,6,6,6,6,7,6,5,7,6,6,5,3,1,2,1
998,6,7,6,7,7,6,7,6,7,6,6,6,7,7,6,7,7,7,6,7,6,6,7,7,2,1,1,1
999,7,7,7,7,7,7,7,7,7,7,7,7,7,7,7,7,7,7,7,7,7,7,7,7,1,1,1,1
1000,7,6,5,5,7,6,6,7,6,5,6,6,6,7,7,6,7,6,6,7,6,7,6,7,1,2,1,1
1001,6,7,7,7,7,6,7,7,6,6,6,6,6,6,6,6,6,6,5,6,7,6,6,6,2,2,1,2
1002,6,6,7,7,7,6,6,7,5,7,7,6,6,7,6,5,6,7,6,6,6,6,6,5,2,2,2,2
1003,5,7,6,6,7,5,6,7,6,5,7,5,6,6,5,5,6,5,6,7,7,7,6,7,2,2,1,1
1004,7,6,7,7,7,7,6,7,7,7,7,7,6,7,6,7,6,6,7,6,6,6,7,7,2,1,1,1
1005,6,7,6,7,6,7,7,6,7,6,7,6,6,6,7,7,6,7,6,6,6,6,7,6,1,2,2,2
1006,7,7,6,7,7,7,6,7,6,7,6,6,7,6,7,6,7,7,6,7,6,6,7,6,1,2,2,2
1007,6,7,7,6,1,1,3,2,7,6,6,6,6,6,7,6,6,6,7,7,6,5,6,6,1,2,2,2
1008,4,5,4,3,6,6,6,3,4,6,6,6,6,4,6,6,4,6,3,6,6,6,6,6,5,3,5,3
1009,6,7,6,7,6,6,7,6,7,6,6,6,7,6,7,6,6,6,6,7,6,6,7,7,1,2,2,2
1010,7,6,7,7,5,4,2,2,7,7,7,6,7,6,7,6,7,7,6,6,6,7,6,6,1,1,2,1
1011,7,7,7,7,6,7,7,7,6,7,7,7,7,7,7,7,7,7,7,7,7,7,7,7,1,1,1,1
1012,7,7,7,7,1,7,1,1,7,7,7,7,7,7,7,7,7,7,7,7,6,5,5,7,1,1,1,1
1013,5,7,7,7,5,7,6,7,5,6,6,6,7,6,5,7,5,7,6,5,7,5,7,5,2,1,2,2
1014,5,5,5,5,6,6,5,5,4,5,6,5,5,6,5,6,6,6,5,5,5,5,5,4,1,2,2,1
1015,6,7,7,6,6,6,7,6,7,6,6,6,7,6,7,6,6,6,7,6,7,7,7,7,2,2,2,2
1016,6,5,6,4,3,4,6,6,7,4,6,6,4,7,7,2,6,6,6,4,6,6,4,6,1,1,4,4
1017,7,7,7,7,7,7,7,7,7,7,7,7,7,7,7,7,7,7,7,7,7,7,7,7,1,1,1,1
1018,7,6,7,6,6,5,6,7,6,5,6,5,7,6,5,7,5,5,7,6,5,6,7,7,1,2,1,1
1019,7,6,7,7,6,6,7,7,7,7,6,6,6,7,7,6,7,6,6,7,7,7,6,7,2,2,1,2
1020,7,6,7,6,7,7,7,7,7,7,7,6,7,7,6,6,6,6,7,6,6,7,5,6,1,2,2,1
1021,7,6,7,6,6,6,7,6,7,6,6,7,6,7,6,7,7,7,6,7,7,7,7,6,1,1,1,1
1022,3,6,5,4,4,4,6,5,6,4,5,5,7,5,4,5,4,4,6,4,6,6,4,4,2,4,4,4
1023,6,5,6,7,7,5,6,7,5,5,7,5,6,7,5,5,5,5,6,6,4,7,5,5,3,1,1,3
1024,7,6,7,7,6,6,7,6,7,7,7,7,7,7,7,7,6,6,7,7,6,7,6,6,1,2,1,2
1025,6,6,6,6,6,2,6,3,6,5,6,6,5,6,5,6,6,6,5,6,6,5,6,5,2,3,1,1
1026,5,7,5,7,4,2,2,5,7,7,6,6,6,5,6,4,6,6,7,7,6,6,6,6,1,3,2,1
1027,6,7,6,7,7,7,6,7,6,7,7,7,6,7,6,7,6,7,7,7,7,7,7,7,2,1,1,1
1028,7,7,7,7,7,7,7,7,7,7,7,7,7,7,7,7,7,7,7,7,7,7,7,7,1,1,1,1
1029,7,6,7,6,2,2,2,2,7,5,6,6,7,6,7,6,7,7,6,5,6,6,7,7,2,1,1,1
1030,5,5,6,7,5,6,6,7,7,5,6,7,7,5,5,6,5,6,6,7,7,6,5,6,2,1,3,2
1031,4,5,3,5,6,5,4,5,4,5,5,5,4,5,4,5,5,5,3,5,4,3,5,3,3,4,5,4
1032,5,4,3,5,3,4,5,4,5,4,5,6,4,4,6,5,5,6,5,4,5,4,6,5,2,2,2,4
1033,5,7,6,5,6,6,7,6,7,5,7,7,6,7,6,5,7,7,6,6,7,6,7,6,1,2,2,1
1034,6,6,6,6,7,6,2,3,6,6,6,7,7,7,7,6,6,6,6,6,3,5,4,4,1,1,2,1
1035,6,5,7,6,4,6,5,7,5,5,7,5,6,7,5,4,7,5,7,6,5,7,5,6,1,2,2,2
1036,5,7,6,5,3,3,3,1,7,6,6,6,5,6,5,7,5,7,7,6,5,4,5,5,2,2,1,2
1037,7,7,7,7,1,2,2,2,7,7,7,7,7,7,7,7,7,6,7,6,5,5,5,4,1,1,1,1
1038,6,7,6,7,6,6,7,6,7,6,6,7,6,7,6,7,7,7,6,7,6,6,7,7,2,1,1,1
1039,6,7,6,7,7,7,6,7,6,7,6,6,6,7,6,6,6,7,6,7,6,6,7,6,2,1,1,2
1040,6,6,5,6,1,2,1,1,7,7,7,6,7,7,6,7,6,7,6,7,3,6,6,6,1,1,1,2
1041,6,7,6,7,7,7,6,7,6,7,6,7,6,7,7,6,7,7,6,7,7,7,6,6,1,2,2,2
1042,7,6,7,6,7,6,7,6,7,6,6,6,6,5,7,6,5,6,7,6,6,6,5,5,2,3,3,2
1043,7,7,7,7,1,1,1,1,7,7,7,7,7,7,7,7,7,7,7,7,5,6,4,5,1,1,1,1
1044,6,5,7,6,6,6,5,6,7,6,7,6,5,5,6,7,5,7,5,6,6,6,5,7,3,3,1,3
1045,6,7,6,7,7,7,7,7,6,7,6,7,6,7,6,7,7,7,6,6,7,7,7,6,1,2,2,2
1046,6,7,7,6,7,7,7,7,7,7,7,7,6,6,6,7,7,7,7,7,7,7,7,7,1,1,1,1
1047,6,6,5,6,1,2,1,1,7,7,7,6,7,7,6,7,6,7,6,7,3,6,6,6,1,1,1,2
1048,7,7,7,7,1,1,1,1,7,7,7,7,7,7,7,7,7,7,7,7,6,7,7,7,1,1,1,1
1049,7,5,5,5,6,6,5,7,6,5,5,7,6,7,5,7,6,5,7,6,6,6,7,6,1,2,1,1
1050,6,7,6,7,7,7,6,6,6,7,6,7,6,7,6,7,7,7,6,7,7,7,6,6,1,1,1,1
1051,6,6,6,6,4,4,4,4,5,5,5,5,5,5,5,5,5,5,5,5,5,5,5,4,3,3,3,3
1052,7,6,7,7,6,7,6,7,6,7,7,7,7,6,7,6,7,7,6,7,6,6,7,6,1,2,2,2
1053,6,7,6,7,6,2,7,6,6,6,6,5,7,6,7,6,6,6,6,7,6,6,7,7,2,1,1,2
1054,6,6,6,6,6,6,6,5,6,6,5,6,5,6,6,6,6,5,6,7,6,6,7,6,1,2,1,2
1055,6,7,6,7,6,6,7,6,7,6,6,6,7,6,7,6,6,6,7,6,7,7,6,6,1,2,2,2
1056,4,6,4,4,6,6,5,5,6,4,4,4,5,6,4,6,4,4,5,4,5,4,5,5,4,2,3,3
1057,4,6,4,6,5,4,6,4,5,7,6,6,5,6,3,6,6,6,4,6,4,5,4,4,2,4,4,4
1058,6,5,6,5,5,3,6,3,6,7,7,6,5,6,5,7,6,7,5,7,5,5,6,6,3,2,2,2
1059,5,6,6,5,7,6,6,5,5,6,6,5,7,5,5,6,6,6,6,6,6,6,7,6,2,2,2,2
1060,5,6,6,5,4,2,2,4,6,6,6,5,6,6,6,7,6,6,6,7,6,5,5,4,2,2,1,2
1061,7,6,7,7,7,6,7,6,6,7,7,6,7,6,6,7,6,7,6,7,6,6,6,6,2,1,1,1
1062,7,6,7,6,7,7,6,7,6,6,6,6,6,7,6,7,7,7,6,7,6,7,6,6,1,2,2,2
1063,5,7,5,5,7,7,7,7,5,5,5,5,7,7,5,7,7,7,6,7,6,7,5,6,1,1,1,1
1064,6,6,6,6,1,1,3,2,7,6,7,6,6,6,7,7,6,6,7,6,7,6,6,5,1,1,1,1
1065,6,6,6,6,6,6,6,7,7,7,7,7,7,7,7,7,6,6,6,6,6,6,6,6,2,2,1,1
1066,7,6,7,6,6,6,7,7,7,6,6,6,7,6,7,6,6,6,7,7,6,6,7,6,1,2,2,1
1067,7,7,6,7,1,2,3,1,7,7,6,6,7,7,6,6,7,6,7,5,6,6,7,6,1,1,1,1
1068,6,7,7,7,7,7,7,7,6,7,7,7,6,7,7,7,7,7,7,7,6,7,7,7,1,2,1,1
1069,6,5,7,6,5,6,5,7,5,5,7,6,5,6,5,6,4,5,7,6,5,4,6,7,1,3,2,1
1070,6,7,7,7,7,7,7,6,7,6,6,7,6,7,7,6,7,7,7,7,7,7,7,7,1,1,1,1
1071,6,7,4,6,6,7,5,4,7,5,7,6,7,6,4,6,7,5,7,6,4,6,7,4,2,1,2,1
1072,7,6,6,6,7,6,6,6,6,6,6,6,6,6,6,6,6,7,6,6,6,7,6,6,2,1,2,2
1073,6,7,6,7,7,7,6,6,6,5,5,7,7,6,7,7,7,7,5,6,7,6,7,7,3,1,2,2
1074,6,7,6,6,6,7,6,6,7,6,7,6,6,6,7,6,6,6,6,6,7,6,6,6,2,1,2,1
1075,6,7,7,6,6,6,6,6,7,6,6,7,7,7,7,7,7,7,6,7,7,7,6,6,1,2,2,1
1076,7,7,7,7,1,2,2,2,7,6,7,7,7,7,7,7,6,6,6,6,5,5,5,2,1,2,1,1
1077,6,5,6,5,5,3,2,1,4,5,7,5,6,7,6,5,5,7,6,5,6,5,6,4,3,2,2,2
1078,6,7,6,7,7,7,6,7,6,7,7,7,6,7,6,7,7,7,6,7,6,6,7,7,2,1,1,1
1079,5,6,7,6,5,6,7,6,5,6,6,5,6,6,5,7,6,7,6,6,5,7,5,6,3,2,2,2
1080,6,7,6,7,6,6,7,7,6,7,7,7,6,6,7,7,7,7,6,7,6,6,7,7,2,1,2,2
1081,7,7,6,6,7,7,6,7,6,7,7,7,7,6,7,6,7,7,6,7,6,7,6,6,1,2,2,2
1082,7,5,5,7,6,7,5,5,6,6,7,5,6,6,7,7,5,6,7,7,5,6,6,7,1,2,3,2
1083,7,7,7,7,1,2,3,2,7,7,6,6,6,7,6,6,6,5,6,6,6,6,6,5,1,1,1,1
1084,5,5,6,5,5,5,4,5,6,5,5,5,5,5,5,4,5,6,5,5,5,5,6,4,3,3,3,2
1085,7,7,7,7,2,1,1,1,7,7,7,7,7,7,7,7,7,7,7,7,7,6,5,6,1,1,1,1
1086,7,6,7,6,6,2,6,6,7,6,7,7,6,5,7,6,6,7,5,7,7,7,6,6,1,1,1,2
1087,7,7,7,7,6,7,6,7,6,6,6,7,6,6,7,7,7,7,6,6,6,7,6,6,1,2,1,1
1088,6,7,6,7,7,2,7,6,6,7,5,6,7,6,7,6,6,6,7,6,7,7,6,5,1,2,2,2
1089,7,7,6,7,7,7,6,7,6,7,6,7,6,7,6,7,7,7,6,7,7,6,7,7,2,1,1,1
1090,7,6,5,6,7,4,6,7,5,4,5,7,6,5,7,6,7,5,6,7,6,5,6,6,1,3,2,3
1091,6,5,6,6,5,2,6,3,7,5,5,5,6,7,6,6,6,5,7,5,6,7,6,5,1,3,2,2
1092,7,7,7,6,2,1,2,1,7,7,6,6,7,6,7,6,6,6,7,7,7,5,3,6,1,1,1,1
1093,6,7,7,7,4,3,2,1,7,7,7,7,6,6,7,7,7,7,7,7,7,6,6,6,1,1,1,1
1094,6,5,7,7,6,5,4,6,7,5,6,7,4,6,5,6,6,6,5,5,6,6,7,5,2,3,1,3
1095,7,6,7,6,7,7,6,7,6,7,7,7,6,7,6,7,7,7,6,7,6,6,7,7,2,1,1,1
1096,7,6,7,7,6,6,7,7,6,7,7,7,6,7,7,7,7,7,6,7,6,6,7,6,1,2,1,1
1097,6,6,6,6,6,6,6,6,6,6,6,6,7,6,6,6,7,6,6,6,6,6,7,6,1,1,2,1
1098,7,7,6,7,7,7,6,6,6,7,7,6,6,7,6,7,6,6,6,7,6,7,6,6,1,2,2,2
1099,6,6,5,6,6,5,7,5,7,6,6,6,6,6,6,6,6,6,6,6,6,6,6,6,2,2,2,3
1100,7,7,7,7,7,7,7,7,7,7,7,7,7,7,7,7,7,7,7,7,7,7,7,7,2,1,1,1
1101,7,7,7,7,6,7,7,7,7,7,7,7,7,7,7,7,6,7,7,7,6,7,7,6,1,1,1,2
1102,7,6,7,6,6,6,7,6,6,7,7,7,6,7,6,7,6,6,7,6,7,6,6,6,2,3,2,3
1103,7,6,7,6,6,7,7,6,7,6,7,7,7,6,7,6,7,6,7,7,7,7,6,6,1,1,2,2
1104,7,7,7,7,7,7,7,7,7,7,7,7,7,7,7,7,7,7,7,7,7,7,7,7,1,1,1,1
1105,7,7,7,7,4,7,4,1,7,7,7,7,7,7,7,7,7,7,7,7,7,7,7,7,1,1,1,1
1106,6,5,6,6,5,6,6,5,6,5,7,6,5,6,6,6,6,6,5,7,6,6,5,5,2,3,2,1
1107,7,6,7,6,6,6,7,6,7,6,6,6,7,6,7,6,6,6,7,6,7,7,7,7,1,2,2,2
1108,6,6,7,5,5,4,6,5,6,5,6,6,6,7,6,6,6,5,7,6,6,5,3,6,1,1,2,3
1109,6,7,7,6,2,1,1,1,7,6,6,7,7,6,7,7,7,7,7,7,5,5,5,3,1,1,1,1
1110,7,6,6,6,7,6,6,6,7,6,6,6,7,6,7,6,6,6,7,6,7,7,7,7,2,1,1,2
1111,7,6,5,6,5,2,6,2,7,5,5,6,6,7,5,7,5,6,6,6,6,6,7,6,3,2,2,1
1112,6,6,6,6,7,6,6,6,6,7,6,6,7,7,6,6,7,6,6,6,7,6,7,6,2,2,2,1
1113,6,6,7,6,7,4,2,2,6,6,6,6,5,5,4,5,5,6,6,6,6,5,5,5,3,2,3,2
1114,7,5,6,6,3,4,3,2,6,6,6,6,6,5,6,7,6,6,7,6,5,6,5,7,2,3,1,3
1115,7,7,6,7,6,6,7,6,7,7,6,6,6,6,7,6,6,7,6,6,6,6,6,7,1,1,2,1
1116,7,7,7,7,7,7,7,7,7,7,7,7,7,7,7,6,7,6,7,6,7,6,7,6,2,2,2,2
1117,7,7,6,7,6,6,7,7,6,7,6,6,7,6,7,7,7,7,7,6,7,6,7,7,2,2,1,1
1118,7,7,7,7,7,7,7,7,7,7,7,7,6,7,7,6,7,7,7,6,7,7,7,7,2,1,1,2
1119,6,7,6,7,7,7,6,7,6,7,6,6,6,7,7,6,7,7,6,7,6,6,7,7,2,1,1,2
1120,7,6,6,6,6,6,6,6,6,6,6,6,6,6,6,7,6,6,6,6,7,6,7,7,2,2,2,2
1121,6,7,6,7,6,6,7,6,7,6,7,7,6,7,6,7,7,7,6,7,6,6,7,7,2,1,1,1
1122,6,7,7,7,6,7,6,7,6,7,6,6,5,6,6,7,5,6,7,6,6,6,5,7,2,1,3,2
1123,7,7,6,7,7,7,6,7,6,7,7,7,6,7,6,7,7,7,6,7,6,7,7,7,2,1,1,1
1124,7,7,6,6,7,7,6,7,7,6,6,7,6,7,7,6,7,7,7,6,7,7,7,7,2,1,2,2
1125,6,7,7,7,4,5,4,1,7,7,7,7,7,7,7,7,7,7,6,7,4,6,4,6,1,1,1,1
1126,7,6,7,6,7,7,7,7,7,7,7,7,7,7,7,7,7,7,7,7,7,6,7,6,1,1,2,1
1127,7,7,6,7,1,1,2,3,6,6,6,6,7,6,6,6,6,6,6,6,6,6,6,6,1,1,1,1
1128,7,7,7,6,6,6,7,6,6,7,6,7,6,6,6,7,6,6,6,6,6,7,7,7,1,1,2,2
1129,5,4,6,6,6,6,5,6,5,6,7,6,5,6,5,7,6,6,5,6,7,5,6,6,3,2,2,2
1130,7,6,5,7,5,6,3,6,7,7,7,6,7,7,6,6,6,7,6,6,5,6,5,4,2,2,1,1
1131,6,5,6,7,2,3,2,3,7,7,7,7,7,7,6,7,6,7,6,6,7,6,6,6,1,1,2,1
1132,5,6,6,6,6,5,6,5,7,6,6,6,6,5,6,5,7,5,6,5,6,6,5,5,1,2,2,2
1133,5,5,6,4,5,4,5,6,5,5,7,5,6,6,4,6,6,6,5,6,7,5,6,7,3,2,1,2
1134,7,6,7,6,2,2,1,3,6,7,7,6,6,6,7,6,7,7,6,6,7,5,4,5,1,2,2,1
1135,6,7,5,6,6,6,7,5,5,6,7,7,5,5,6,4,5,7,5,6,6,6,7,6,2,3,2,2
1136,6,7,6,7,7,7,6,7,6,7,6,6,6,7,7,6,6,6,7,6,7,7,6,6,1,2,1,1
1137,7,5,5,6,5,5,4,6,7,5,6,6,7,6,5,6,6,6,7,6,5,6,7,4,3,2,3,2
1138,5,6,7,4,5,5,3,2,7,5,5,7,5,6,7,6,7,5,4,6,5,6,4,6,1,2,2,1
1139,5,5,6,6,6,6,5,6,5,5,7,5,6,5,6,6,5,5,5,6,7,5,6,6,3,1,2,3
1140,7,7,7,7,2,3,2,1,6,7,7,7,7,7,7,7,5,6,7,6,7,7,7,7,1,1,1,1
1141,7,6,6,7,5,2,6,2,7,5,6,6,7,5,7,6,5,6,7,5,6,5,7,7,2,3,2,1
1142,6,6,5,6,6,5,5,5,6,5,6,5,6,6,6,7,6,7,6,5,6,6,6,5,2,2,2,2
1143,6,6,6,7,7,7,7,6,6,6,6,7,6,6,6,7,6,6,6,7,7,7,7,7,1,2,1,1
1144,6,6,6,6,7,6,6,6,6,6,6,6,6,6,6,7,6,6,6,7,7,7,7,7,1,2,1,1
1145,7,6,7,6,7,7,6,7,6,7,7,7,6,7,7,6,6,6,7,7,6,6,7,7,2,1,1,1
1146,5,5,6,5,5,7,6,5,6,5,7,7,7,5,5,7,7,5,5,7,6,5,7,5,2,1,2,1
1147,6,7,7,7,6,7,6,6,6,7,6,6,6,6,7,6,6,6,7,6,7,7,7,7,2,2,2,2
1148,7,6,7,7,6,6,6,6,7,7,7,6,7,6,6,6,6,6,6,5,6,7,6,6,2,2,1,2
1149,7,7,7,7,7,7,7,7,7,7,7,7,7,7,7,7,7,7,6,7,6,5,5,5,1,1,1,1
1150,7,6,7,7,7,7,6,6,7,6,7,6,7,7,6,7,7,7,7,6,6,7,6,6,1,1,1,1
1151,6,5,6,5,6,7,5,5,6,6,6,6,5,7,5,6,6,7,6,5,6,6,6,6,3,1,2,2
1152,6,7,6,7,6,6,7,7,6,7,6,7,6,7,7,7,7,7,7,7,6,7,6,7,1,2,1,1
1153,7,6,5,6,5,6,5,6,7,6,5,6,6,7,6,5,5,7,5,4,6,5,6,5,2,3,2,2
1154,6,5,5,5,6,6,7,6,5,6,5,6,6,6,5,6,6,5,6,6,5,5,7,5,2,2,1,3
1155,7,6,7,7,7,7,5,6,7,6,6,5,6,5,7,7,7,6,6,6,7,6,6,5,1,1,2,1
1156,7,7,7,7,7,7,7,7,7,7,7,7,7,7,6,7,7,7,7,7,7,6,6,6,1,1,1,1
1157,6,7,6,7,7,7,6,7,6,7,7,6,7,6,7,6,7,7,6,7,6,6,7,7,2,1,1,1
1158,5,6,5,6,5,6,3,2,5,6,7,4,5,6,6,5,6,4,6,5,6,6,5,5,2,2,3,2
1159,7,5,7,6,5,2,7,2,7,6,6,5,6,7,6,6,7,6,7,6,6,5,7,7,2,2,3,3
1160,7,6,6,7,5,5,6,5,7,6,5,7,5,6,5,6,7,7,6,6,7,7,6,5,1,3,3,2
1161,6,6,6,6,6,6,5,4,6,6,6,6,7,7,7,7,7,7,7,7,7,6,6,7,2,2,1,1
1162,7,6,7,6,7,7,6,7,6,7,7,7,7,7,6,7,7,7,7,7,6,7,7,7,1,1,1,2
1163,7,6,7,7,6,6,6,6,7,6,6,6,6,6,7,6,6,7,6,7,6,6,7,6,2,2,2,2
1164,6,6,7,6,6,6,6,7,7,6,6,6,6,7,6,6,6,6,6,6,6,6,6,7,2,2,2,1
1165,6,7,6,5,7,5,6,4,3,4,7,4,4,6,6,4,7,3,4,6,6,3,4,4,2,3,2,4
1166,6,7,6,7,7,6,7,7,7,6,5,7,6,7,7,6,7,7,6,7,6,7,6,7,1,2,2,2
1167,7,7,6,5,7,6,5,5,6,6,5,6,6,7,6,7,6,7,6,7,4,5,6,6,3,2,3,2
1168,7,7,7,7,7,7,6,6,6,7,6,7,6,6,7,6,7,7,6,7,7,6,6,7,2,1,1,1
1169,7,6,7,7,6,6,7,6,6,6,6,6,6,6,7,6,7,7,7,6,7,7,6,7,2,1,2,2
1170,4,6,7,6,4,6,4,2,5,6,4,6,7,5,4,5,5,5,6,7,6,4,5,6,2,4,2,3
1171,7,7,7,7,7,3,1,1,7,7,7,7,7,7,7,7,7,7,7,7,7,7,4,6,1,1,1,1
1172,5,6,7,5,6,5,6,5,5,6,7,6,4,5,6,7,5,6,7,5,5,7,4,4,3,1,3,1
1173,7,6,6,6,7,6,7,7,6,7,7,7,7,6,7,6,7,7,6,7,6,7,7,7,1,2,2,2
1174,4,4,7,7,5,4,6,4,3,4,5,3,6,6,6,5,6,6,5,6,4,5,6,4,4,2,1,3
1175,5,6,7,6,6,6,5,6,7,6,5,6,7,6,4,5,6,5,6,5,7,6,5,5,3,2,1,2
1176,6,7,7,6,6,7,6,7,7,6,7,7,7,6,7,7,6,7,6,7,7,7,7,7,2,1,1,2
1177,7,7,6,7,2,2,1,2,7,6,6,6,7,6,7,6,6,6,7,6,7,6,7,7,2,1,2,2
1178,6,7,5,6,5,2,6,2,7,5,6,5,6,7,5,7,7,5,6,6,7,7,6,7,2,3,2,2
1179,7,6,6,7,3,3,3,2,7,6,7,7,6,6,7,6,7,7,7,6,5,6,5,5,1,2,2,1
1180,6,5,6,7,5,6,7,5,6,5,6,6,5,7,6,6,7,6,5,6,5,7,7,6,3,2,2,1
1181,6,7,7,6,2,1,2,2,7,6,6,6,6,7,6,7,7,7,6,7,7,7,6,7,2,2,2,2
1182,4,5,4,5,5,5,6,4,6,4,4,5,5,4,5,4,5,5,3,5,6,5,4,3,3,4,5,4
1183,6,7,6,7,2,2,2,2,7,6,7,7,7,6,7,6,6,6,7,7,6,6,6,7,2,1,1,1
1184,7,6,7,7,2,2,1,2,7,7,6,7,7,6,7,7,6,6,6,7,6,7,6,6,1,2,1,1
1185,7,7,7,7,2,2,3,3,6,6,6,7,6,7,7,6,6,7,7,7,6,6,6,5,2,2,1,1
1186,7,6,7,6,3,1,3,4,7,6,7,7,6,7,7,6,7,6,7,7,5,6,4,5,1,1,1,2
1187,7,5,5,5,7,5,7,6,5,6,7,5,7,5,4,7,7,5,7,6,7,6,5,4,1,2,1,1
1188,7,6,7,6,2,1,1,1,7,6,7,7,7,6,7,7,7,7,6,7,7,6,7,6,1,2,2,1
1189,7,7,5,6,3,6,2,1,7,6,7,6,7,5,7,7,6,7,6,7,7,7,6,5,1,1,4,1
1190,7,7,6,7,2,1,2,1,7,6,6,7,6,7,7,7,7,6,6,7,5,5,5,7,1,1,2,1
1191,7,7,7,7,4,4,5,5,6,7,7,6,6,6,6,6,6,6,6,6,6,6,6,6,2,2,1,1
1192,6,7,7,7,3,5,2,5,6,7,6,7,6,6,7,6,6,7,7,6,6,6,6,6,2,1,2,2
1193,6,5,6,6,1,1,1,1,7,6,7,7,7,6,6,7,7,6,7,7,7,7,7,7,1,2,2,1
