number,RFF1,RFF2,RFF3,RFF4,RAF1,RAF2,RAF3,RAF4,ATT1,ATT2,ATT3,ATT4,INT1,INT2,INT3,INT4,TA1,TA2,TA3,TA4,HM1,HM2,HM3,HM4,EC1,EC2,EC3,EC4,gender,old,education  ,income
1,5,5,6,7,5,7,7,6,6,6,5,6,5,4,5,5,5,6,6,5,2,5,4,5,2,2,3,2,1,3,1,1
2,7,7,7,7,4,5,4,4,7,7,7,7,7,7,7,7,7,7,7,7,5,6,5,4,1,1,1,1,1,3,3,3
3,6,6,5,6,5,2,3,3,7,6,6,5,6,6,6,6,7,5,6,4,6,7,7,7,1,1,2,1,2,1,3,1
4,6,6,6,6,6,6,6,6,6,6,6,6,6,6,6,6,6,6,6,7,6,6,6,6,2,2,2,2,1,1,2,2
5,7,6,6,7,7,7,7,7,7,7,7,7,3,3,5,3,7,7,7,7,4,6,6,1,1,1,1,1,2,1,3,3
6,7,7,7,7,5,7,7,7,7,7,7,7,7,7,7,7,4,7,7,7,4,7,1,1,1,1,1,1,2,1,3,3
7,6,6,6,6,3,4,4,3,6,6,6,6,6,6,6,6,6,6,6,6,6,6,6,4,2,2,2,2,1,2,2,3
8,6,5,5,7,7,6,6,6,7,7,7,7,6,6,6,6,6,6,6,6,6,6,5,5,1,1,2,1,2,1,2,2
9,7,6,6,7,6,6,5,5,6,6,5,6,6,5,6,6,6,7,6,7,3,5,4,3,1,1,1,1,2,2,2,3
10,4,5,5,5,7,4,4,4,7,7,7,7,4,4,4,4,7,7,7,7,5,7,5,5,1,1,1,1,1,1,2,2
11,6,6,6,6,5,6,6,6,6,6,5,6,6,6,6,6,6,6,6,6,6,6,3,1,2,2,2,2,2,1,2,3
12,5,5,5,7,5,6,6,6,7,6,6,6,4,5,5,4,7,7,6,6,7,6,6,5,1,1,1,1,1,1,2,2
13,7,7,7,7,2,1,1,1,7,7,7,7,7,7,7,7,7,7,7,7,7,6,5,5,1,1,1,1,1,1,2,3
14,7,7,7,7,7,7,7,7,7,7,7,7,7,7,7,7,7,6,6,6,6,6,6,6,2,2,2,2,1,1,2,1
15,6,6,6,6,7,4,5,5,7,5,6,6,6,6,6,4,7,6,5,5,6,6,6,5,1,1,2,2,1,2,2,3
16,7,7,7,7,4,5,1,1,7,7,7,7,7,7,7,7,7,7,7,7,7,7,4,5,1,1,1,1,2,2,2,3
17,7,7,7,7,5,6,6,6,7,4,6,6,6,6,7,5,5,4,4,6,2,6,2,4,1,1,1,1,1,1,3,2
18,7,7,7,7,7,7,7,7,7,7,7,7,7,7,7,2,7,7,7,7,2,6,5,7,1,1,1,1,2,1,2,2
19,7,7,7,6,3,4,5,6,6,6,6,6,7,7,7,6,6,6,6,6,4,5,6,4,1,1,1,1,1,1,2,1
20,5,5,5,7,5,5,6,7,7,7,7,7,7,7,7,6,6,6,7,6,5,5,5,4,1,1,3,1,2,1,2,2
21,7,7,7,7,5,5,3,5,7,7,7,7,7,7,7,7,7,7,7,7,4,5,5,3,1,1,1,1,1,1,3,3
22,7,7,7,7,7,7,7,7,7,7,7,7,6,7,7,7,7,7,7,7,7,7,7,7,1,1,1,1,1,2,3,3
23,6,6,6,6,6,6,6,6,6,6,6,6,6,6,6,5,6,6,5,6,6,6,6,5,2,3,3,2,1,1,2,1
24,7,7,7,7,4,5,5,5,7,7,7,7,7,7,7,7,7,7,7,7,7,7,7,5,1,1,1,1,1,3,1,3
25,6,5,6,6,6,6,6,6,6,7,7,7,6,6,7,6,6,6,6,6,6,6,6,6,2,2,2,2,2,1,3,1
26,6,6,6,6,4,4,2,5,5,6,6,6,6,6,6,6,6,6,6,6,6,6,6,6,2,2,2,2,2,2,3,3
27,7,7,7,7,5,7,7,7,5,7,7,7,7,7,7,7,5,4,4,1,4,5,3,1,1,1,1,1,2,1,2,3
28,6,5,5,7,5,4,5,5,6,6,6,6,6,6,6,6,6,6,6,6,6,6,6,4,2,2,2,2,2,2,2,2
29,6,6,6,6,5,6,6,5,6,5,5,6,6,6,7,5,6,6,6,7,5,6,5,5,2,3,3,3,2,1,3,1
30,6,6,6,7,6,6,6,6,5,6,6,6,6,6,6,6,6,6,6,6,6,5,6,6,2,2,2,2,1,1,3,3
31,7,7,7,7,4,7,4,4,7,7,7,7,7,7,7,7,7,7,7,7,4,4,4,2,1,1,1,1,1,2,3,2
32,6,6,6,6,5,5,5,4,6,6,6,6,5,5,6,6,6,6,6,6,6,6,6,4,2,2,3,2,1,1,3,3
33,6,6,6,5,7,6,6,7,5,6,6,4,5,1,4,4,6,7,7,7,5,5,3,2,2,1,1,3,2,3,3,3
34,7,7,7,7,4,6,5,4,6,7,6,6,7,7,7,7,5,5,5,5,4,5,4,4,1,1,2,1,2,1,2,1
35,7,7,7,6,2,4,3,5,7,5,5,5,5,5,5,5,7,7,7,7,4,4,4,5,1,1,1,1,1,1,2,2
36,7,7,7,7,5,5,5,5,7,7,7,7,7,7,7,6,7,7,7,7,4,6,6,4,1,1,1,1,2,1,3,1
37,7,7,7,7,5,5,1,4,7,7,7,7,7,7,7,7,5,5,5,5,5,5,5,4,1,4,4,2,2,2,2,3
38,7,7,7,7,4,5,6,5,7,7,7,7,7,7,7,7,7,7,7,7,7,7,7,7,1,1,1,1,1,1,3,3
39,7,7,7,7,7,7,7,4,7,7,7,7,7,7,7,7,7,7,7,7,3,5,5,3,1,1,1,1,2,1,3,1
40,7,7,7,7,4,7,7,7,5,6,6,7,7,7,6,7,7,7,7,5,5,6,6,4,1,1,1,1,2,1,3,2
41,7,7,7,7,6,6,6,6,7,7,7,7,7,7,7,7,7,7,7,7,4,6,1,2,1,1,1,1,1,1,2,3
42,7,7,7,7,7,7,7,7,7,7,7,7,7,7,7,7,7,7,7,7,7,7,7,7,1,1,1,1,2,1,2,2
43,5,5,5,7,5,6,7,7,7,7,7,7,7,7,7,5,7,6,7,7,2,4,4,1,1,1,1,1,1,1,2,3
44,7,7,7,7,4,4,4,4,7,7,7,7,7,7,7,7,7,7,7,7,7,7,7,4,1,1,1,1,1,3,3,3
45,7,7,7,7,6,5,5,5,7,7,7,7,7,7,7,7,7,7,7,7,6,6,6,6,2,2,1,1,2,1,2,1
46,6,5,5,6,4,6,2,3,6,7,7,6,7,6,5,6,6,7,6,6,5,6,6,3,1,2,2,1,2,1,2,1
47,5,5,5,5,4,4,4,4,4,4,4,4,4,5,5,5,5,5,5,5,5,5,5,5,2,2,2,2,2,1,2,2
48,6,5,5,6,7,4,5,6,5,6,6,6,6,6,6,6,6,6,7,5,5,7,6,6,1,1,1,1,2,1,2,1
49,7,6,6,6,5,4,5,5,6,6,6,6,6,6,6,6,6,7,6,6,5,5,5,4,1,2,2,2,2,2,2,2
50,5,5,5,6,5,5,5,5,5,5,5,5,5,5,5,5,5,5,5,5,5,5,5,5,3,3,3,3,1,1,3,2
51,4,4,4,5,6,5,4,4,5,5,5,5,4,4,4,4,5,5,6,5,5,5,5,4,2,2,3,3,2,1,3,1
52,7,6,6,7,4,4,4,5,7,7,7,7,7,7,7,7,6,6,6,6,4,6,5,5,1,2,1,2,1,3,3,3
53,7,7,6,7,5,4,3,4,7,7,7,5,6,6,7,6,6,6,7,7,4,7,5,4,1,2,3,1,2,1,3,2
54,5,6,5,7,7,6,7,7,5,6,5,7,5,5,3,3,4,6,4,4,4,6,1,1,1,1,1,2,1,1,2,2
55,7,7,7,7,1,3,2,2,7,7,7,7,7,7,7,7,7,7,7,7,4,4,4,4,1,1,1,1,2,1,2,2
56,5,5,5,5,5,5,5,5,5,5,5,5,5,5,5,5,5,5,5,5,5,5,5,3,3,3,3,3,1,1,2,1
57,7,7,7,7,7,7,7,7,7,7,7,7,7,7,7,7,7,7,7,7,7,7,7,7,1,1,1,1,2,1,2,2
58,7,7,6,7,2,5,5,5,7,7,7,7,6,7,7,5,6,6,5,4,6,6,6,6,3,2,3,2,1,1,2,1
59,5,4,5,6,6,6,6,4,5,6,5,6,6,5,6,5,6,6,6,6,5,6,6,5,1,3,3,2,1,1,2,3
60,6,7,6,6,7,6,5,6,6,7,6,6,6,7,7,5,6,6,5,7,6,7,7,5,2,1,4,2,2,2,3,3
61,7,7,7,7,1,1,1,1,7,7,7,7,7,7,7,7,7,7,7,7,7,7,7,7,1,1,1,1,1,1,2,2
62,6,6,7,6,6,6,7,6,7,7,7,6,7,7,6,6,7,7,7,7,7,7,7,7,1,1,1,1,1,1,3,3
63,5,7,6,5,5,5,7,7,6,5,6,6,6,5,7,7,7,6,6,5,7,5,7,6,2,1,3,2,1,2,3,3
64,5,5,6,5,6,3,3,2,5,6,7,5,6,6,7,5,6,6,6,7,5,6,5,6,2,1,3,1,2,2,2,3
65,6,7,6,6,1,1,2,1,7,6,6,6,7,6,7,6,6,6,7,7,7,6,7,6,1,2,1,2,1,1,2,2
66,7,5,7,6,4,7,4,3,5,7,7,7,4,7,6,4,3,5,5,7,3,5,4,6,4,1,3,5,1,2,1,2
67,6,6,6,6,6,6,5,5,6,5,5,6,6,5,5,5,6,6,5,6,5,6,6,6,3,2,2,1,1,1,2,1
68,6,5,3,3,5,4,3,3,5,5,3,5,4,6,5,6,5,4,5,6,5,5,4,5,2,3,3,2,1,2,3,3
69,7,2,6,6,5,2,6,7,6,7,4,5,5,2,6,5,3,7,6,6,2,7,3,3,1,2,6,3,2,2,1,1
70,6,5,6,5,5,2,1,2,6,5,7,5,6,6,7,5,5,7,6,5,5,6,4,5,2,1,3,2,1,1,2,3
71,4,6,5,7,7,5,6,4,6,6,7,6,4,7,6,5,5,2,6,7,3,7,3,3,2,5,4,1,1,2,2,2
72,6,7,7,7,1,2,1,1,6,7,6,7,7,6,7,6,7,7,6,7,5,6,5,6,2,1,2,1,1,1,3,2
73,7,7,7,6,5,4,5,6,6,7,6,6,5,6,5,6,5,5,6,5,6,5,6,5,1,3,3,3,1,1,2,3
74,7,2,6,6,3,4,6,5,3,5,3,6,4,2,6,6,6,6,2,6,3,3,6,7,3,2,3,5,1,1,2,1
75,7,6,6,7,6,5,6,7,7,6,6,6,7,6,7,5,7,5,7,5,6,6,6,7,2,2,3,3,2,2,3,2
76,6,7,5,7,4,7,3,5,5,7,7,6,5,7,6,5,5,6,5,6,6,6,3,2,2,3,2,2,1,1,2,2
77,6,6,7,7,5,6,3,5,7,6,6,6,6,7,7,6,6,7,7,6,7,6,7,6,1,1,2,2,1,2,2,2
78,6,6,6,7,5,6,6,7,7,6,6,6,7,6,6,7,6,6,6,7,6,5,6,6,1,1,1,1,1,1,2,2
79,7,7,7,7,7,7,7,7,7,7,7,7,7,7,7,7,7,7,7,7,7,7,7,7,1,1,1,1,1,1,1,1
80,6,6,6,6,7,6,6,6,5,6,5,6,6,5,5,6,6,5,5,6,6,5,5,6,2,2,3,2,1,1,2,1
81,6,7,6,7,1,2,2,1,6,7,6,6,7,6,7,7,7,6,7,6,6,6,6,6,1,2,2,2,2,1,2,3
82,5,6,5,6,4,6,5,5,6,5,5,5,6,5,6,5,6,6,5,6,4,5,5,3,1,2,2,5,1,1,2,1
83,6,5,5,6,7,5,7,2,6,6,5,5,6,6,5,7,7,6,6,7,6,6,6,6,3,2,1,3,2,2,2,2
84,3,4,4,6,6,5,4,5,7,7,6,4,5,4,5,5,3,4,3,4,4,3,4,5,4,4,4,4,1,1,1,2
85,6,7,5,6,6,6,6,5,5,5,5,5,6,5,5,6,6,6,6,6,6,6,6,6,3,3,2,2,1,1,2,2
86,6,5,3,3,6,4,6,2,6,5,6,6,3,5,3,5,2,3,6,5,2,2,3,3,4,5,2,6,1,1,2,3
87,7,7,7,7,1,1,1,1,7,7,7,7,7,7,7,7,7,7,7,7,7,7,7,7,1,1,1,1,1,1,2,2
88,6,5,6,5,5,7,5,5,6,5,5,5,5,6,5,6,5,5,7,5,6,5,6,5,2,3,4,3,1,2,3,2
89,6,6,6,7,6,5,3,4,6,6,6,6,6,6,6,6,6,6,6,6,6,5,5,6,2,2,2,2,2,1,2,2
90,6,7,7,7,4,6,6,5,6,7,6,7,6,6,7,5,6,6,6,7,6,7,7,6,1,1,2,1,1,2,2,3
91,6,7,6,7,6,6,7,5,7,6,5,6,7,6,7,6,6,7,6,7,5,5,7,6,1,3,2,3,1,2,2,3
92,6,4,6,6,6,6,7,7,7,7,6,4,5,6,6,6,5,6,5,5,5,5,6,5,2,2,3,3,2,1,2,1
93,7,6,7,7,5,7,3,6,7,7,7,7,7,6,6,6,7,7,7,6,4,7,6,6,1,1,3,1,1,2,2,2
94,5,6,6,4,5,6,5,4,6,6,7,4,6,6,7,6,7,5,6,5,6,5,6,6,1,2,3,2,1,2,2,3
95,7,6,6,6,7,6,2,2,6,6,6,6,7,7,7,6,5,7,6,6,4,7,6,4,2,1,1,3,1,1,2,2
96,7,5,6,7,6,5,6,6,6,5,6,7,4,6,4,6,5,5,7,5,6,7,5,5,2,4,4,2,1,2,2,2
97,6,7,7,7,3,1,1,1,7,7,7,7,7,7,7,6,7,7,6,7,7,7,7,7,1,1,1,1,1,1,2,2
98,5,6,7,4,4,4,7,7,5,4,3,5,6,3,7,6,7,5,7,4,6,6,2,6,3,1,3,3,2,2,1,2
99,7,5,6,5,6,7,5,6,5,6,6,6,5,6,6,6,4,6,6,6,4,6,5,4,2,3,3,2,1,2,2,1
100,6,6,6,6,6,6,5,6,6,6,6,5,6,6,7,7,5,7,6,6,7,7,6,6,1,1,2,1,2,1,3,3
101,7,7,6,6,7,6,7,7,7,6,7,6,7,6,7,6,6,6,7,7,7,7,6,6,1,2,2,2,1,2,2,3
102,7,7,7,7,5,2,2,2,7,7,7,7,7,7,7,7,7,7,7,7,7,7,7,7,1,2,2,2,1,1,2,2
103,5,5,6,6,6,5,5,6,6,5,6,6,6,6,5,5,5,6,6,5,6,5,6,5,2,2,3,2,1,1,1,1
104,3,5,3,3,5,6,3,5,5,6,7,5,6,3,6,5,5,3,5,3,3,5,3,6,3,2,1,5,1,3,2,3
105,6,7,6,5,6,6,6,7,6,6,6,6,6,7,6,7,6,6,6,7,6,7,6,6,1,2,1,2,1,2,2,2
106,7,6,5,7,7,6,7,6,7,6,6,6,7,7,7,6,6,7,6,6,6,7,6,6,2,1,3,2,1,1,2,3
107,7,7,7,7,5,2,4,5,6,6,7,7,6,5,6,6,6,5,5,6,5,7,7,3,1,1,3,1,2,1,2,2
108,5,4,5,4,5,5,4,5,4,5,5,5,4,5,5,4,4,4,5,4,6,5,4,4,2,4,4,4,1,1,2,2
109,6,7,7,7,4,1,2,2,6,7,6,7,6,7,7,6,7,7,7,6,6,6,6,4,2,1,2,1,1,2,2,3
110,7,7,7,7,7,7,6,7,6,7,6,6,7,7,6,6,7,7,7,7,7,6,4,6,1,1,1,1,2,1,3,3
111,5,6,7,5,5,5,7,5,5,6,7,7,5,5,7,6,7,6,5,6,5,5,6,6,1,2,1,2,1,2,3,3
112,7,6,6,7,4,3,2,3,7,6,6,6,7,6,7,6,7,6,7,6,5,6,5,6,1,2,2,1,1,1,2,3
113,6,5,6,5,4,6,7,6,6,4,5,6,5,7,6,5,7,6,6,6,5,7,5,5,1,3,3,2,1,1,2,2
114,6,5,7,6,4,5,3,5,7,6,7,6,5,6,6,5,4,5,6,6,5,6,4,6,2,3,2,2,1,1,2,2
115,7,7,7,7,2,2,2,1,7,7,7,7,7,7,7,7,7,7,7,7,7,5,4,3,1,1,1,1,2,1,1,1
116,7,7,7,6,5,5,3,3,7,7,7,7,6,6,6,6,6,6,7,7,7,7,7,4,1,1,1,2,1,1,2,3
117,5,6,5,5,4,4,4,5,4,5,5,5,5,6,6,4,5,6,6,4,5,6,6,4,4,2,4,4,1,1,1,1
118,6,6,5,6,3,4,3,5,6,5,5,6,5,5,6,5,6,6,7,6,5,6,5,5,2,2,2,3,1,2,2,3
119,6,5,7,7,7,7,6,6,5,5,7,7,5,6,5,5,5,5,6,7,5,5,6,6,2,1,3,3,1,3,2,2
120,6,7,7,6,7,7,6,7,6,7,6,6,7,6,7,6,7,7,7,6,7,6,7,7,2,1,2,1,1,2,2,3
121,7,7,6,6,6,6,6,6,6,7,6,6,7,6,7,7,7,6,7,7,7,6,6,7,2,2,1,1,1,2,2,3
122,7,6,7,6,7,7,6,7,6,7,6,6,7,6,7,6,7,6,7,6,7,6,7,6,1,1,1,2,1,2,2,2
123,7,5,7,7,6,7,5,6,5,6,4,6,6,4,6,5,5,6,6,5,6,5,7,7,3,2,2,1,2,1,2,3
124,6,5,6,6,5,6,5,4,5,6,5,5,6,6,6,5,5,7,5,6,4,6,6,5,1,2,3,3,2,1,2,2
125,7,6,7,7,2,1,2,1,7,6,6,7,6,7,7,6,6,7,6,7,7,7,7,7,1,2,1,1,1,1,2,1
126,5,5,6,5,4,5,4,5,6,5,6,5,6,5,6,6,6,5,6,5,5,5,6,5,2,2,3,2,1,2,2,3
127,6,6,7,5,4,5,3,2,6,7,6,7,6,5,6,7,6,5,7,6,5,5,6,4,3,1,3,1,1,2,3,3
128,7,5,6,4,4,5,6,4,6,6,6,5,6,4,6,6,6,5,6,4,5,6,5,4,3,3,3,2,1,3,1,2
129,7,7,7,6,3,1,1,2,6,7,6,6,6,7,6,6,6,6,7,6,6,6,6,4,1,1,1,2,1,2,3,3
130,7,5,6,5,5,6,5,5,7,7,7,6,7,6,6,6,7,6,6,7,6,6,6,6,1,3,4,2,1,1,2,1
131,5,7,6,6,6,6,7,6,5,6,6,6,5,6,7,6,7,5,6,5,7,5,7,5,2,3,4,2,1,1,2,3
132,4,5,6,5,4,6,7,6,4,5,7,5,6,7,4,5,5,7,4,5,6,4,5,7,2,3,3,1,2,1,2,1
133,5,6,4,5,5,4,6,6,4,5,4,6,6,6,4,5,5,6,5,6,6,4,5,4,2,2,3,2,1,2,2,2
134,7,7,7,5,5,5,6,7,5,6,7,5,7,5,6,7,7,7,6,6,5,6,7,6,2,1,1,1,2,1,2,2
135,7,7,7,7,2,3,2,3,7,7,6,7,7,7,7,7,7,7,7,7,6,7,7,6,1,1,1,1,2,2,2,3
136,7,6,6,7,5,3,2,1,7,7,7,7,7,6,6,6,7,6,7,7,7,5,5,5,1,1,1,1,1,1,2,2
137,7,6,7,6,7,6,7,7,6,6,7,7,7,5,7,6,6,7,6,6,7,7,6,7,1,2,2,2,1,2,2,3
138,6,7,7,7,7,7,6,7,6,7,7,6,6,7,6,7,7,6,7,6,7,5,7,5,1,2,2,1,1,2,2,2
139,6,6,5,5,3,4,3,3,6,5,6,6,6,6,7,6,5,6,5,6,5,6,5,5,2,3,2,3,1,1,2,3
140,6,7,7,7,6,6,7,6,6,7,7,6,7,6,7,6,6,6,6,7,6,6,7,7,1,2,1,1,1,2,3,3
141,6,4,6,5,6,5,6,5,5,5,5,5,6,5,6,4,5,5,5,6,5,6,5,6,2,3,3,4,1,2,2,3
142,7,7,7,7,1,5,2,1,5,7,5,7,7,7,7,7,7,7,5,5,5,3,1,1,1,2,1,1,1,1,2,2
143,7,6,6,6,3,2,3,2,7,6,7,6,7,6,7,6,6,6,7,6,5,6,5,6,1,2,1,1,1,1,2,3
144,6,4,6,5,6,4,5,6,5,6,5,6,5,6,5,6,5,5,6,5,6,5,6,5,2,3,3,3,1,2,2,3
145,5,7,6,6,5,6,5,6,6,6,6,6,6,6,6,6,7,7,6,7,6,7,6,5,3,2,3,1,1,1,1,2
146,5,5,6,6,4,3,4,3,6,5,6,6,5,6,5,6,5,5,5,6,4,5,5,5,1,2,1,2,2,1,2,3
147,7,7,7,7,1,1,1,1,7,7,7,7,7,7,7,7,7,7,7,7,6,6,6,6,1,1,1,1,1,2,2,2
148,5,6,5,4,6,6,5,6,6,5,5,5,6,5,6,5,5,6,5,6,6,6,5,4,2,3,4,2,1,2,3,3
149,4,5,7,5,5,7,4,5,6,7,5,7,6,4,5,6,6,6,4,5,6,4,5,7,2,4,2,4,2,1,2,1
150,5,6,5,6,6,6,5,6,5,6,7,5,6,5,6,5,6,7,6,5,7,6,5,5,2,1,2,1,1,2,2,3
151,7,6,7,6,7,7,6,5,7,6,7,6,7,6,5,7,6,6,6,7,6,6,6,5,1,2,1,1,1,2,3,3
152,7,7,7,7,1,5,2,1,7,7,7,7,7,7,7,7,6,7,7,7,6,5,6,4,1,1,1,1,2,2,2,1
153,6,7,4,7,6,7,6,4,5,6,4,6,7,4,5,6,6,4,5,6,4,6,7,5,2,1,3,1,2,1,2,1
154,5,5,6,5,4,3,3,5,5,6,5,5,7,6,5,5,5,5,6,5,5,6,6,5,1,2,1,2,2,1,2,3
155,4,5,4,6,6,5,6,4,5,6,6,5,6,5,6,5,7,5,5,6,5,5,6,6,2,1,2,2,1,1,3,3
156,7,7,7,7,5,4,1,3,7,7,6,7,7,7,6,6,7,7,7,7,6,7,6,5,1,1,1,1,1,1,2,2
157,7,7,6,7,7,7,7,6,7,7,7,6,7,6,7,6,7,7,6,5,7,6,7,6,1,2,1,1,1,2,2,3
158,7,7,6,7,7,7,7,6,7,7,7,6,7,6,7,6,7,7,6,5,7,6,7,6,1,2,1,1,1,2,2,3
159,7,7,6,7,7,7,7,6,7,7,7,6,7,6,7,6,7,7,6,5,6,6,7,6,1,2,1,1,1,2,2,3
160,7,7,6,7,7,7,7,6,7,7,7,6,7,6,7,6,7,7,6,5,7,6,7,6,1,2,1,1,1,2,2,3
161,7,7,6,7,7,7,7,6,7,7,7,6,7,6,7,6,7,7,6,5,6,6,7,6,1,2,1,1,1,2,2,3
162,7,7,6,7,7,7,7,6,7,7,7,6,7,6,7,6,7,7,6,5,7,6,7,6,1,2,1,1,1,2,2,3
163,7,7,6,7,7,7,7,6,7,7,7,6,7,6,7,6,7,7,6,5,7,6,7,6,1,2,1,1,1,2,2,3
164,7,7,6,7,7,7,7,6,7,7,7,6,7,6,7,6,7,7,6,5,6,6,7,6,1,2,1,1,1,2,2,3
165,7,7,6,7,7,7,7,6,7,7,7,6,7,6,7,6,7,7,6,5,6,6,7,6,1,2,1,1,1,2,2,3
166,7,7,6,7,7,7,7,6,7,7,7,6,7,6,7,6,7,7,6,5,6,6,7,6,1,2,1,1,1,2,2,3
167,7,7,6,7,7,7,7,6,7,7,7,6,7,6,7,6,7,7,6,5,6,6,7,6,1,2,1,1,1,2,2,3
168,6,5,4,5,7,7,6,5,5,4,4,6,5,4,6,4,5,6,5,6,5,5,6,5,4,3,3,2,1,1,3,3
169,6,5,5,5,3,3,3,4,6,5,5,6,5,5,6,5,6,6,6,5,5,6,5,5,3,2,3,3,1,2,3,3
170,6,5,6,5,6,6,5,6,5,6,6,6,6,5,6,5,6,6,5,6,5,5,6,6,2,3,2,2,1,2,3,3
171,6,5,5,5,4,6,5,5,6,5,5,5,4,6,5,5,5,5,6,5,5,5,5,5,2,3,3,2,1,1,1,1
172,6,7,6,7,6,7,4,1,7,7,6,7,7,7,7,6,7,6,7,7,7,7,5,7,2,1,1,1,1,1,3,2
173,7,7,7,7,2,3,2,2,7,7,7,6,6,6,7,7,6,6,7,6,5,6,6,5,1,1,1,1,2,2,2,3
174,6,6,5,6,5,6,6,5,5,6,5,6,6,7,7,6,6,7,6,6,5,6,6,7,2,3,2,3,2,1,3,3
175,7,7,6,7,1,3,2,2,7,7,6,6,7,7,6,7,6,6,7,6,5,7,5,5,1,1,1,1,1,1,2,2
176,7,7,7,7,1,1,1,1,7,7,7,7,7,7,7,7,7,7,7,7,7,7,7,7,1,1,1,1,1,3,2,3
177,6,5,5,7,5,6,6,7,6,6,5,6,5,5,6,6,6,5,5,6,6,5,6,5,2,2,3,2,1,1,3,3
178,7,6,6,6,4,4,2,2,6,6,6,6,6,6,7,7,6,6,6,6,5,5,5,5,1,2,2,2,1,1,2,3
179,6,4,5,5,5,5,5,3,5,5,5,5,5,5,5,5,6,5,6,5,5,5,4,5,3,3,3,3,1,1,2,2
180,6,7,6,7,4,2,3,1,6,7,6,5,6,6,7,6,7,5,6,7,6,7,7,5,1,2,1,2,1,1,2,1
181,7,7,7,7,7,7,7,7,7,7,7,7,7,7,7,7,7,7,7,7,7,7,7,7,1,1,1,1,1,2,2,3
182,5,6,6,6,6,4,5,4,5,5,4,5,3,6,4,5,6,5,5,7,6,6,5,5,2,1,2,4,1,1,2,3
183,4,6,6,5,6,5,4,4,5,6,5,5,6,6,7,7,7,7,6,7,7,5,4,6,1,3,2,3,1,1,2,2
184,7,6,7,7,7,6,7,7,7,6,7,6,7,7,6,6,6,7,6,7,6,6,7,6,1,2,2,1,2,1,2,2
185,5,7,5,6,3,5,3,4,5,6,5,6,6,6,6,5,6,6,7,5,5,5,5,5,1,2,1,2,1,2,2,3
186,6,6,6,6,7,6,6,5,7,5,7,6,5,6,6,6,6,4,6,6,5,6,5,6,2,2,2,2,1,3,2,3
187,7,7,7,7,4,4,4,1,7,7,7,7,7,7,7,7,7,7,7,7,7,7,6,6,1,1,1,1,1,1,1,2
188,7,7,6,6,5,6,3,3,6,7,7,6,7,6,6,7,7,6,6,7,6,7,6,7,1,1,1,1,1,1,2,2
189,6,6,6,6,6,6,5,6,6,6,6,6,6,6,6,6,6,6,6,6,6,6,6,6,2,2,2,2,1,3,2,3
190,7,7,7,7,1,1,1,1,7,7,7,7,7,7,7,7,7,7,6,7,2,6,2,3,1,1,2,1,1,2,2,2
191,7,7,7,6,5,5,4,5,6,4,4,4,6,4,6,4,4,6,4,4,5,6,5,1,4,3,4,3,1,2,2,1
192,5,4,5,5,5,4,5,5,5,5,5,5,6,4,5,5,5,6,5,5,5,5,5,5,3,3,3,3,1,1,2,1
193,7,7,7,7,2,1,2,1,7,7,7,7,7,7,7,7,7,7,7,7,7,6,7,6,1,1,1,1,1,1,2,2
194,6,4,5,5,5,4,5,4,6,5,5,4,4,5,4,5,6,4,6,6,4,5,4,6,2,4,4,3,1,2,2,3
195,5,4,5,6,6,7,7,5,6,4,4,5,6,6,7,5,7,5,6,5,5,5,6,6,1,2,2,3,2,1,2,2
196,7,7,7,7,1,1,1,1,7,7,7,7,7,7,7,7,7,7,7,7,7,7,7,7,1,1,1,1,1,2,2,3
197,6,7,6,6,3,2,2,2,6,7,6,5,6,6,7,6,6,5,6,7,6,7,6,6,1,2,2,2,1,1,2,3
198,7,6,6,6,7,7,7,6,6,7,6,6,7,6,6,7,5,6,5,7,6,6,6,7,3,2,3,1,1,2,2,3
199,6,7,7,7,1,1,1,2,6,7,6,7,7,6,7,7,6,7,6,7,7,7,7,7,1,2,1,1,1,1,2,1
200,6,4,7,7,5,6,7,3,5,6,5,6,5,5,7,6,5,5,4,5,6,5,6,5,1,3,1,3,1,2,2,2
201,6,7,5,5,6,7,6,5,7,6,7,5,5,7,6,5,7,5,7,6,5,6,5,6,1,3,2,1,1,1,2,2
202,7,6,7,7,4,2,3,3,6,7,6,7,6,7,6,7,6,7,6,6,7,5,7,6,1,2,1,2,1,2,2,2
203,5,6,7,5,6,5,5,6,7,5,6,5,6,7,5,6,6,6,7,5,6,6,6,5,3,2,2,2,1,1,3,3
204,6,7,6,6,2,5,3,3,6,6,6,5,6,7,5,6,6,6,7,5,7,7,6,7,2,1,3,2,1,1,2,3
205,6,6,7,7,4,2,2,5,6,5,6,7,6,6,5,6,6,5,6,6,5,6,6,6,2,2,2,3,1,1,3,3
206,7,6,6,7,6,6,6,7,6,7,6,7,6,7,6,7,7,6,7,7,6,7,6,6,1,2,2,2,2,1,1,2
207,6,7,6,7,7,7,6,7,7,6,6,6,7,6,7,6,6,6,6,7,6,6,7,7,2,1,1,1,1,2,2,2
208,7,6,7,7,6,6,6,6,7,7,7,7,7,7,7,6,5,7,7,7,7,7,7,7,1,2,1,1,1,2,1,2
209,7,6,5,5,3,3,1,2,6,5,5,4,6,7,5,7,5,4,6,7,7,7,4,3,2,1,1,1,1,2,2,2
210,6,6,6,7,5,6,4,5,6,6,6,6,6,6,6,6,6,6,6,6,5,6,5,6,2,2,2,2,2,1,2,2
211,7,7,5,6,6,7,5,6,7,6,7,7,7,5,6,7,7,6,7,5,7,7,7,6,1,1,2,1,2,2,2,2
212,4,6,7,6,5,6,5,4,6,6,7,4,5,7,6,5,3,5,3,7,5,4,7,6,2,4,3,2,1,2,2,3
213,7,7,7,7,1,1,1,1,7,7,7,7,7,7,7,7,7,7,7,7,7,7,7,7,1,1,1,1,1,2,2,3
214,7,5,6,7,5,6,5,7,7,5,6,6,7,6,5,7,7,5,5,7,7,5,6,6,3,2,1,3,1,2,1,2
215,7,5,6,7,5,6,5,7,7,5,6,6,7,6,5,7,7,5,5,7,7,5,6,6,3,2,1,3,1,2,2,2
216,7,7,7,7,1,1,1,1,7,7,7,7,7,7,7,7,7,7,7,7,7,7,7,7,1,1,1,1,1,2,2,3
217,5,7,6,6,5,6,5,7,5,7,6,5,7,6,7,5,7,6,7,5,7,5,7,6,1,3,1,2,1,2,3,2
218,7,6,6,6,6,7,6,6,7,7,7,7,7,6,6,7,6,6,7,6,6,7,7,6,1,1,2,1,1,2,2,3
219,6,6,7,7,4,3,5,6,6,7,7,7,6,7,7,6,7,6,6,6,7,6,6,7,1,1,1,2,1,1,2,3
220,6,6,7,7,4,3,5,6,6,7,7,7,7,6,6,6,7,7,7,6,6,7,6,6,2,2,2,2,1,1,2,3
221,6,6,7,7,4,3,5,6,6,7,7,7,7,6,6,6,7,7,7,6,6,7,6,6,2,2,2,2,1,1,2,3
222,6,6,7,7,4,3,5,6,6,7,7,7,7,6,6,6,7,7,7,6,6,7,6,6,2,2,2,2,1,1,2,3
223,7,7,6,7,3,3,2,3,7,7,6,7,7,6,7,7,6,7,7,7,5,7,5,6,1,2,2,1,1,1,2,2
224,7,7,7,7,1,1,1,1,7,7,7,7,7,7,7,7,7,7,7,7,7,7,7,7,1,1,1,1,1,2,3,3
225,6,6,7,7,2,2,1,2,6,7,6,5,6,6,6,5,6,6,7,6,6,6,6,5,1,2,1,2,1,2,2,3
226,7,7,7,7,7,7,1,7,7,7,7,7,7,7,7,7,7,7,7,7,7,7,7,7,1,1,1,1,2,1,2,2
227,6,5,6,6,7,6,7,6,5,7,6,7,6,6,7,6,6,6,5,6,6,5,7,6,1,1,2,1,2,1,2,2
228,5,5,6,7,6,5,7,6,6,5,7,5,6,7,5,6,5,7,5,6,6,7,6,7,2,1,2,1,1,2,2,2
229,7,5,7,7,5,5,4,5,6,7,5,6,5,5,6,5,7,5,7,5,7,5,7,7,2,3,3,1,2,2,2,3
230,7,6,7,6,1,1,1,1,7,7,6,7,7,6,7,6,7,7,7,6,2,6,2,2,1,1,1,1,1,1,2,2
231,4,5,6,6,5,5,4,5,6,5,6,5,6,5,5,6,6,6,5,5,6,4,5,5,2,3,3,2,1,2,3,3
232,7,7,7,7,1,1,1,1,7,7,7,7,7,7,7,7,6,6,7,7,7,6,6,5,1,1,1,1,1,2,2,2
233,7,6,7,7,6,6,7,7,7,7,6,6,7,6,7,7,7,7,6,6,7,7,6,6,1,1,1,1,1,1,2,2
234,6,7,6,5,3,5,4,5,5,6,6,6,5,6,7,5,5,5,6,6,5,6,5,5,2,2,2,2,1,2,2,2
235,7,7,7,7,3,1,1,1,7,7,7,7,7,7,7,7,7,7,7,7,7,7,7,6,1,1,1,1,1,1,2,1
236,7,6,6,7,6,7,6,6,7,7,6,7,6,6,7,7,6,6,7,6,7,7,6,7,2,2,1,1,2,2,1,2
237,5,5,5,5,5,6,6,5,5,5,6,5,5,6,6,5,5,6,6,5,5,6,5,6,2,3,2,3,1,3,2,2
238,6,7,7,7,6,7,6,6,7,7,6,6,7,7,6,7,6,7,7,6,6,7,6,6,1,2,1,1,2,3,1,2
239,6,6,6,6,6,5,6,6,5,6,5,5,6,6,6,6,6,6,6,7,6,6,5,5,2,2,2,3,1,1,2,2
240,6,7,6,6,6,6,7,6,7,6,6,6,7,6,5,6,6,6,7,6,7,6,7,7,2,1,2,2,2,2,2,2
241,6,5,6,7,5,3,2,3,6,7,5,6,5,6,5,6,5,6,7,6,6,6,5,5,1,2,1,2,1,1,2,1
242,7,6,7,7,2,3,1,2,7,6,7,7,6,6,7,6,6,6,7,6,6,6,5,4,1,2,2,1,1,3,2,3
243,7,7,7,7,6,5,5,3,7,7,7,7,7,7,7,7,7,7,7,7,7,7,7,7,1,1,1,1,2,2,2,3
244,6,6,5,5,3,5,3,3,6,6,6,7,6,5,6,6,6,6,6,5,6,5,5,7,2,2,1,2,1,2,2,3
245,6,6,6,5,7,5,7,5,5,7,7,6,7,6,7,6,6,7,5,5,6,4,7,5,2,3,1,1,2,2,2,3
246,7,7,7,7,1,1,1,1,7,7,7,7,7,7,7,7,7,7,7,7,7,7,7,7,1,1,1,1,1,1,2,3
247,7,6,6,7,5,5,7,5,6,5,6,6,5,7,6,7,5,6,7,6,7,7,5,5,1,2,3,3,2,2,1,2
248,7,6,7,7,7,7,6,7,6,6,7,6,7,6,7,7,7,7,7,6,7,6,7,6,1,2,1,1,1,2,2,2
249,4,5,6,6,5,3,5,4,6,4,5,5,7,5,4,6,6,5,5,4,6,7,5,5,1,3,3,4,1,1,2,1
250,7,5,6,5,7,5,6,6,5,4,7,5,6,5,7,5,6,6,7,6,5,5,6,5,3,2,2,1,1,2,2,3
251,6,5,4,5,5,6,6,4,6,6,7,5,6,4,6,5,6,4,6,5,6,6,5,4,1,1,2,1,2,1,2,2
252,6,7,6,6,6,6,2,2,7,6,6,6,7,6,6,7,6,7,6,6,7,6,6,6,2,1,2,1,1,1,2,1
253,6,6,7,6,6,7,7,5,7,7,7,7,7,7,6,7,7,6,6,7,6,7,6,6,2,1,2,2,1,2,2,3
254,6,7,6,7,6,6,6,7,6,7,6,6,6,7,6,6,7,6,7,6,7,7,6,7,2,3,2,2,2,2,2,2
255,7,6,7,7,6,7,6,6,7,6,7,6,6,7,6,6,6,7,7,5,7,7,6,7,2,2,2,3,1,2,2,3
256,7,6,7,6,3,2,1,2,7,6,5,4,7,6,7,5,7,5,7,6,7,5,7,3,1,1,2,3,1,3,2,1
257,7,7,7,7,1,1,1,1,7,7,7,7,7,7,7,7,7,7,7,7,7,7,7,7,1,1,1,1,1,3,1,2
258,7,7,7,7,1,1,1,1,7,7,7,7,7,7,7,7,7,7,7,7,7,7,7,7,1,1,1,1,2,1,2,3
259,6,7,6,6,7,5,7,6,7,5,6,7,5,7,6,5,5,6,5,7,5,6,7,7,1,1,1,2,1,1,2,3
260,6,7,6,7,5,4,4,5,6,7,6,7,7,6,6,7,6,7,6,7,6,6,7,6,1,1,2,1,1,2,2,2
261,7,7,6,7,7,6,7,7,7,6,7,7,6,7,6,7,7,6,7,7,7,7,6,6,1,2,2,1,1,2,2,3
262,6,6,5,6,6,7,6,6,5,7,6,7,6,6,5,7,6,6,5,6,5,7,6,5,2,1,2,2,1,2,2,3
263,7,5,6,7,5,7,5,6,5,6,7,6,5,6,7,5,6,6,6,7,6,7,6,6,1,3,2,2,1,2,2,3
264,5,6,5,7,7,6,6,5,6,6,7,6,7,6,7,6,7,7,7,7,6,6,7,6,2,1,1,1,1,2,2,2
265,7,7,6,5,7,6,3,2,6,7,7,7,7,5,7,6,5,6,7,7,6,6,7,5,2,1,1,3,2,2,2,2
266,7,6,6,6,7,7,7,6,6,6,6,7,7,6,7,7,7,6,7,6,7,6,7,5,1,3,2,2,1,2,2,3
267,6,7,6,6,5,4,4,3,6,7,6,7,7,6,6,7,6,7,7,7,6,6,7,7,2,2,1,1,1,2,2,2
268,7,7,6,7,7,7,6,6,6,7,7,7,7,6,6,6,6,6,7,6,6,7,7,6,1,2,2,1,1,2,2,3
269,6,6,6,7,5,5,2,1,6,7,7,6,7,7,6,7,6,6,7,7,7,5,6,3,1,2,1,1,1,1,2,2
270,6,5,6,5,5,5,6,5,6,5,5,5,6,5,6,6,6,6,6,5,6,6,6,6,2,3,3,2,1,2,2,3
271,5,6,5,5,5,5,7,5,7,7,7,5,7,6,7,5,5,4,6,4,6,6,4,4,2,4,4,3,1,2,2,1
272,5,6,5,6,6,5,5,6,5,6,6,6,5,6,5,6,6,6,5,6,6,6,5,5,2,2,2,2,1,2,2,3
273,4,6,4,6,3,6,4,3,3,6,4,4,5,6,5,6,5,5,7,5,4,5,4,4,2,2,2,2,1,1,2,3
274,7,7,5,7,3,3,1,1,6,7,6,6,6,5,7,6,6,6,7,7,6,5,5,5,1,1,1,1,1,1,2,3
275,6,5,4,5,4,4,5,5,4,5,5,4,5,5,5,5,5,5,5,5,5,5,5,5,4,3,4,3,1,1,2,3
276,7,7,7,7,7,7,7,7,7,7,7,7,7,7,7,7,7,7,7,7,7,7,7,7,1,1,1,1,2,1,2,2
277,7,7,7,7,4,1,2,1,7,7,7,7,7,7,7,7,7,7,7,7,7,7,7,7,1,1,1,1,1,1,2,2
278,7,7,7,6,1,2,1,1,7,7,7,6,7,7,7,7,7,6,7,6,7,6,4,6,1,1,1,1,1,1,2,2
279,5,6,5,7,6,5,6,6,7,6,6,6,6,6,6,5,6,6,6,5,6,6,6,6,2,2,2,2,1,1,2,3
280,6,4,5,5,4,4,2,3,6,4,5,5,6,7,5,6,6,5,6,6,6,6,6,6,4,2,4,2,1,2,2,2
281,7,7,7,7,5,4,4,2,7,7,7,7,7,7,7,7,7,7,7,7,7,7,7,7,1,1,1,1,2,1,2,1
282,6,7,7,7,6,6,2,1,6,7,6,6,6,7,6,6,6,6,6,7,6,6,7,6,1,1,2,2,1,2,3,3
283,7,7,6,7,3,6,1,1,7,7,5,7,7,6,6,7,7,7,7,7,7,3,1,1,1,1,1,1,1,2,1,2
284,6,7,6,7,7,6,7,6,7,7,6,7,6,7,7,7,6,6,7,6,6,7,7,5,1,1,3,1,1,2,2,3
285,6,4,6,7,6,5,7,6,5,5,5,6,4,6,5,7,7,7,5,5,4,5,6,7,1,4,2,1,1,1,3,3
286,6,6,6,6,4,4,3,7,6,6,6,7,6,6,5,4,6,6,6,5,7,7,6,5,2,2,3,2,1,2,3,2
287,7,7,7,6,6,6,6,7,7,7,7,7,7,7,7,7,7,7,7,7,7,7,7,7,1,2,2,2,1,1,2,2
288,7,6,7,5,7,6,5,6,5,7,7,6,5,7,6,7,6,5,7,6,7,6,5,7,1,3,3,3,2,1,2,1
289,5,5,6,6,7,5,6,5,5,5,6,6,5,5,5,6,5,5,5,6,5,5,6,6,1,2,3,2,1,1,2,2
290,7,6,6,6,6,4,4,4,7,6,5,6,6,6,6,6,6,6,6,6,6,5,6,4,1,1,2,2,1,2,2,3
291,6,5,6,6,6,6,6,5,5,6,5,5,6,5,6,5,6,5,6,6,6,6,5,5,2,3,2,3,1,2,2,3
292,7,7,6,6,6,7,1,6,7,6,7,6,6,7,7,6,6,7,7,6,7,6,6,7,1,2,1,2,2,2,2,2
293,7,6,7,5,7,6,5,6,6,7,7,7,6,7,7,6,4,5,6,5,4,4,3,4,3,3,3,2,1,1,2,2
294,5,6,6,6,5,5,6,6,6,6,5,5,6,6,5,5,6,6,5,6,5,4,4,4,1,2,1,1,1,1,2,1
295,7,7,7,7,5,4,1,1,7,7,7,7,7,7,7,7,7,7,7,7,7,7,7,7,1,1,1,1,1,1,2,2
296,6,6,6,6,6,1,2,1,7,6,6,6,7,6,7,6,6,6,7,6,7,7,5,4,1,2,2,2,1,1,2,3
297,6,5,6,6,5,5,6,5,6,6,6,5,6,5,6,5,5,6,6,5,6,6,6,6,2,3,2,2,1,2,2,2
298,7,7,7,7,4,3,2,2,7,7,7,7,7,7,7,7,7,7,7,7,7,7,7,7,1,1,1,1,1,1,2,3
299,7,6,6,7,2,7,1,1,5,7,7,7,7,6,7,7,7,7,7,7,7,3,3,2,1,1,1,1,2,1,1,1
300,6,6,6,6,2,2,2,2,6,6,6,6,6,6,6,5,6,6,6,6,6,6,5,6,1,3,1,2,1,1,2,2
301,7,7,7,7,6,3,3,4,7,7,7,7,7,7,7,7,7,7,7,6,6,7,7,4,1,1,1,1,1,1,2,3
302,6,7,7,7,7,6,6,1,6,6,6,7,6,6,7,6,6,7,7,7,6,6,7,7,1,1,1,2,2,2,3,3
303,6,7,6,7,5,2,2,1,7,7,6,6,5,6,6,5,7,6,7,6,5,4,3,3,1,1,3,1,1,2,2,3
304,5,7,6,6,6,7,6,6,5,7,5,4,7,6,5,6,7,5,6,7,5,4,6,4,2,1,3,3,1,2,3,3
305,7,7,7,7,7,1,1,1,7,7,7,7,7,7,7,7,7,7,7,7,5,6,6,4,1,1,1,1,1,1,3,3
306,7,6,6,7,6,6,4,2,7,6,6,6,7,7,6,7,5,6,6,5,4,5,3,1,1,1,1,1,2,2,2,1
307,7,6,6,7,6,6,4,2,7,6,6,6,7,7,6,7,5,6,6,5,4,5,3,1,1,1,1,1,2,2,2,1
308,7,6,6,7,6,6,4,2,7,6,6,6,7,7,6,7,5,6,6,5,4,5,3,1,1,1,1,1,2,2,2,1
309,7,6,6,7,6,6,4,2,7,6,6,6,7,7,6,7,5,6,6,5,4,5,3,1,1,1,1,1,2,2,2,1
310,7,7,7,7,4,4,1,1,7,7,7,7,7,7,7,7,7,7,7,7,4,5,4,3,1,1,1,1,1,2,2,3
311,6,6,5,5,6,6,5,6,6,7,6,5,6,7,6,7,6,5,6,6,6,7,6,5,1,2,1,1,1,1,3,3
312,6,7,6,7,2,2,1,2,6,7,6,6,7,6,6,7,6,6,6,7,6,7,6,7,1,2,1,1,2,1,2,3
313,5,6,5,5,5,4,3,3,5,4,5,5,4,6,4,4,4,4,4,5,5,6,4,5,3,3,3,3,1,1,2,3
314,7,7,7,7,4,4,3,2,7,7,7,7,7,7,7,7,7,7,7,7,5,6,6,6,1,1,1,1,1,2,2,2
315,7,7,7,7,7,7,7,7,7,7,7,6,6,6,6,7,6,7,7,7,7,6,6,6,2,2,2,1,1,1,3,3
316,7,7,7,7,3,2,1,1,7,7,7,7,7,6,7,7,7,6,6,7,5,6,7,6,1,1,1,1,1,1,2,2
317,7,7,7,7,4,3,3,2,7,7,7,7,7,7,7,7,7,7,7,7,5,6,5,5,1,1,1,1,1,1,2,2
318,6,7,7,6,6,7,6,1,6,6,7,7,7,7,7,7,6,6,6,7,7,6,6,7,2,1,2,1,2,2,3,3
319,7,6,6,7,1,1,1,2,6,7,7,6,7,6,7,6,6,7,6,6,7,7,6,6,1,2,2,2,2,1,2,3
320,5,5,5,5,4,3,3,3,5,5,5,5,5,5,5,5,6,6,6,6,4,4,4,4,2,2,2,2,1,1,2,2
321,7,7,7,6,3,3,3,2,7,7,6,6,6,6,6,6,7,7,7,7,3,5,5,4,1,1,1,1,1,1,2,1
322,7,7,7,7,7,7,7,7,7,7,7,7,7,7,7,7,7,7,7,7,7,7,7,7,1,1,1,1,1,3,1,3
323,6,6,6,6,6,5,3,5,6,6,6,6,6,6,6,6,6,6,6,6,3,5,3,4,1,1,1,1,2,1,2,3
324,7,6,6,6,4,3,2,1,6,6,6,6,6,6,6,6,6,6,6,6,5,5,5,5,1,2,1,2,1,1,2,2
325,7,6,6,6,7,2,1,2,6,6,7,6,7,6,7,6,6,6,6,6,6,6,7,7,2,1,1,1,1,2,3,3
326,5,6,7,6,6,6,7,6,5,6,6,5,7,5,6,7,7,4,5,6,7,4,5,7,3,2,2,2,1,2,2,3
327,6,5,6,6,4,6,7,5,6,7,6,5,6,7,5,6,5,6,5,6,7,5,6,5,2,1,3,1,1,3,2,3
328,7,7,7,7,1,1,1,1,7,7,7,7,7,7,7,7,7,7,7,7,7,7,7,7,1,1,1,1,1,1,2,3
329,7,7,6,6,6,3,6,6,7,7,7,6,6,7,6,7,6,7,6,7,5,6,6,7,1,2,1,2,1,1,3,3
330,6,7,5,5,6,5,6,7,6,5,5,7,6,5,6,7,7,5,7,7,6,6,7,6,1,3,1,3,1,2,2,3
331,6,6,5,5,7,6,6,6,7,5,4,6,5,6,5,6,6,6,6,6,5,7,6,7,2,1,1,1,1,1,2,2
332,7,6,7,7,1,1,2,1,6,7,7,7,6,7,6,7,6,7,7,6,6,6,7,7,2,1,1,1,2,1,2,3
333,7,6,6,6,1,2,1,2,6,7,7,6,7,6,6,7,7,6,7,6,7,5,6,6,1,2,1,1,2,1,2,3
334,5,7,5,7,6,3,2,3,6,7,7,7,6,7,6,6,6,6,6,6,6,6,5,6,2,2,3,2,1,2,2,2
335,6,6,5,7,3,3,2,2,7,7,6,6,7,7,6,5,7,7,7,6,6,6,5,4,1,1,3,2,1,2,2,2
336,7,7,7,7,7,7,5,6,6,6,6,6,7,7,7,6,7,7,7,7,6,6,6,5,1,1,1,1,2,1,2,3
337,7,7,6,7,7,6,3,2,7,6,6,7,6,6,7,7,6,7,6,7,7,7,6,6,2,2,2,2,1,2,3,2
338,6,7,6,7,7,2,3,3,7,7,7,7,7,6,7,7,6,7,6,6,7,6,7,7,2,1,2,2,1,2,3,3
339,5,4,3,3,5,4,6,5,4,5,3,4,5,5,4,5,4,4,5,6,4,4,3,5,3,4,1,3,1,1,2,2
340,6,7,7,4,6,4,6,6,7,5,6,7,7,7,6,6,7,5,7,6,6,7,6,6,2,1,2,1,1,2,1,2
341,6,7,6,7,4,2,3,2,5,7,6,7,6,5,6,7,5,7,5,6,7,5,6,5,2,1,2,2,1,3,2,3
342,6,7,6,6,1,1,2,1,6,7,6,6,7,6,7,6,6,6,6,7,5,7,6,6,1,2,1,1,2,1,2,3
343,7,7,7,7,1,1,1,1,7,7,7,7,7,7,7,7,7,7,7,7,7,7,7,7,1,1,1,1,1,1,3,3
344,7,6,5,6,3,1,2,2,7,5,7,5,6,7,5,6,6,5,6,7,6,6,7,6,1,2,2,2,1,3,2,3
345,6,7,5,7,6,7,6,6,7,6,6,6,6,7,6,5,6,6,7,6,5,5,7,6,3,3,1,2,1,1,2,2
346,6,4,4,7,4,5,7,5,7,5,7,4,6,5,4,6,4,5,5,7,6,6,4,5,1,1,2,2,1,1,2,1
347,6,7,6,6,1,1,1,1,6,7,7,6,7,6,7,6,6,6,7,6,6,6,6,6,1,2,2,2,2,1,2,3
348,7,7,7,7,4,4,3,3,6,7,7,7,7,7,7,7,7,7,7,7,7,6,7,6,1,1,1,1,2,2,3,3
349,5,5,5,5,5,4,5,3,5,5,5,5,5,4,5,5,5,5,5,5,5,6,5,5,3,3,2,3,2,3,1,1
350,6,7,7,7,5,3,4,6,6,7,6,7,7,6,7,5,6,7,7,7,5,7,5,6,2,1,1,3,1,1,2,1
351,7,7,7,7,7,7,7,7,7,7,7,7,7,7,7,7,7,7,7,7,7,7,7,7,1,1,1,1,2,1,2,2
352,7,6,7,7,1,1,2,1,6,7,7,7,6,7,6,6,6,7,6,7,6,6,7,6,1,2,1,1,2,1,2,3
353,7,7,7,7,7,7,7,7,7,7,7,7,7,7,7,7,7,7,7,7,7,7,7,7,1,1,1,1,1,3,2,3
354,6,7,6,7,6,7,6,7,6,7,6,6,6,7,7,7,7,7,7,7,4,6,2,6,2,3,2,1,1,1,2,1
355,4,5,6,4,7,5,4,5,6,7,4,5,7,6,4,5,6,5,6,7,4,6,7,4,3,2,2,3,2,1,2,1
356,4,6,7,6,5,7,4,5,6,7,7,4,5,6,7,5,5,7,5,4,6,5,6,5,2,1,3,4,2,1,2,1
357,4,5,6,6,4,7,5,6,7,4,6,4,5,6,7,6,7,6,7,5,6,5,6,7,3,2,4,2,2,1,2,1
358,6,7,7,7,5,6,6,5,6,6,6,6,6,6,6,6,7,7,7,6,7,7,7,7,1,1,2,1,2,3,1,1
359,4,5,6,4,5,7,6,4,5,6,4,6,7,4,5,7,7,5,6,7,4,6,7,5,2,1,3,1,2,1,2,1
360,7,5,6,6,6,5,5,7,6,7,5,7,6,5,6,6,7,6,7,5,6,5,6,7,3,2,3,1,2,2,2,2
361,7,7,7,7,7,7,7,7,7,7,7,7,7,7,7,7,7,7,7,7,7,7,7,7,1,1,1,1,2,1,3,2
362,7,7,7,7,7,7,7,7,7,7,7,7,7,7,7,7,7,7,7,7,7,7,7,7,1,1,1,1,2,1,2,2
363,4,5,5,5,5,5,3,4,5,6,6,6,5,6,5,5,6,5,6,5,6,5,6,6,2,3,3,2,1,2,2,2
364,7,7,7,7,7,7,7,7,7,7,7,7,7,7,7,7,7,7,7,7,7,7,7,7,1,1,1,1,1,1,2,2
365,7,3,6,3,6,7,4,6,2,6,7,7,4,6,3,7,6,7,6,4,7,5,7,6,3,1,1,1,2,3,2,2
366,5,7,5,7,7,6,7,5,6,6,7,7,5,7,5,7,5,5,6,7,5,6,7,7,3,1,1,1,2,1,1,1
367,7,7,7,7,1,1,1,1,7,7,7,7,7,6,7,7,7,7,7,7,7,6,4,4,1,1,1,1,2,2,2,2
368,7,7,5,7,7,3,5,5,6,6,6,6,6,6,7,6,7,6,7,6,5,6,4,4,1,1,1,1,1,1,2,2
369,7,7,6,7,1,1,2,1,7,7,6,7,6,7,7,6,7,7,6,7,7,7,6,7,2,1,2,1,2,2,2,2
370,5,6,4,6,6,4,7,5,6,5,6,6,7,5,6,5,7,5,6,4,6,7,6,5,1,3,4,3,1,3,3,3
371,6,7,5,7,7,6,7,6,7,6,6,7,6,7,7,7,6,6,7,6,7,7,6,7,1,1,1,3,2,2,2,2
372,7,6,7,5,3,1,2,3,7,7,7,7,5,7,6,7,6,5,6,7,5,6,5,6,1,2,3,2,1,2,2,2
373,6,5,5,4,6,4,4,4,5,6,5,5,6,5,5,6,6,5,4,5,4,4,5,4,4,3,4,3,1,1,2,2
374,6,6,5,6,4,3,3,2,6,5,6,5,6,6,7,6,6,5,6,6,6,7,5,5,2,2,2,2,1,1,2,2
375,3,5,6,6,3,7,5,6,5,5,6,4,6,3,5,3,6,7,4,7,4,4,6,3,2,4,4,2,1,1,2,2
376,6,5,6,6,7,6,7,6,7,6,7,6,6,6,7,6,7,5,6,6,7,6,7,6,1,1,1,3,1,2,2,2
377,7,7,7,7,1,1,1,1,7,7,7,7,7,7,7,7,7,7,7,7,7,7,7,7,1,1,1,1,1,2,2,3
378,7,7,7,7,1,1,1,1,7,7,7,7,7,7,7,7,7,7,7,7,7,7,7,7,1,1,1,1,2,2,2,3
379,7,6,7,7,4,3,5,1,7,7,7,7,7,7,6,7,7,6,7,7,7,6,5,7,1,1,1,1,2,1,2,3
380,7,7,7,7,7,7,1,1,7,7,7,7,7,7,7,7,7,7,7,7,7,7,4,4,1,1,1,1,2,2,1,1
381,7,7,7,7,1,2,1,1,6,6,6,7,6,6,7,6,6,7,7,6,6,6,6,6,2,2,1,1,1,1,2,1
382,6,6,4,6,4,3,3,3,6,6,7,6,5,6,5,6,6,7,7,7,7,5,5,6,2,1,1,1,1,1,2,2
383,6,6,5,6,6,6,5,6,7,6,6,5,7,7,6,6,6,6,6,6,7,5,6,7,1,1,2,1,1,1,2,3
384,6,6,6,7,6,6,5,6,7,5,5,5,7,5,6,6,5,7,6,4,6,5,6,5,1,2,3,2,1,2,2,3
385,6,7,7,7,2,2,2,1,6,7,7,7,6,7,6,7,7,6,6,7,6,7,6,6,1,2,2,1,1,2,2,3
386,7,7,7,7,7,7,7,7,7,7,7,7,7,7,7,7,7,7,7,7,7,7,7,7,1,1,1,1,1,3,2,2
387,5,4,5,5,4,6,5,4,5,6,4,6,5,4,5,6,5,5,4,4,5,5,6,5,3,4,2,4,2,1,2,1
388,6,4,6,4,5,6,4,5,6,7,4,5,6,4,6,6,7,7,4,6,6,5,7,7,3,2,3,3,1,2,2,2
389,6,6,6,7,6,6,6,6,6,6,6,6,6,6,6,6,6,6,6,6,6,7,6,6,2,2,2,1,1,1,2,2
390,7,7,7,7,1,1,1,1,7,7,7,7,7,7,7,7,7,7,7,7,7,4,5,4,1,1,1,1,1,2,2,2
391,7,7,6,6,1,2,1,1,7,6,6,7,6,7,7,6,7,7,6,7,7,7,6,6,1,1,1,1,1,2,2,2
392,6,6,6,6,6,7,6,4,4,5,5,6,7,4,7,7,6,7,7,7,4,5,5,4,1,3,1,2,1,1,2,1
393,7,5,7,5,4,5,7,6,4,3,5,3,6,6,4,7,6,5,7,7,6,7,6,6,5,3,7,4,1,3,1,2
394,7,7,6,6,4,3,1,2,7,7,6,7,7,6,7,7,7,6,7,7,6,4,4,4,1,2,2,1,2,2,2,2
395,7,7,7,6,6,7,7,6,7,7,7,7,5,6,7,7,6,7,6,7,7,6,6,7,1,1,1,1,1,2,2,3
396,7,7,7,6,1,1,2,1,7,7,7,7,7,7,7,7,7,7,7,7,6,7,6,6,1,1,2,1,1,1,3,3
397,6,6,6,6,6,5,6,6,6,6,6,4,6,7,6,6,6,5,6,6,5,5,7,6,1,2,3,2,1,1,2,3
398,7,6,7,6,1,1,3,1,7,6,6,6,7,6,7,6,6,6,6,6,7,7,6,6,3,2,2,2,2,3,2,2
399,6,6,7,7,3,2,2,1,5,6,6,6,6,7,6,6,5,6,6,7,5,6,7,7,3,2,2,2,2,1,2,2
400,7,6,7,7,6,1,1,1,6,7,7,7,7,7,7,7,7,7,7,7,7,7,7,7,1,1,1,1,2,2,2,3
401,7,7,7,7,1,3,1,1,7,7,7,7,7,7,7,7,7,7,7,7,6,7,4,4,1,1,1,1,2,2,2,2
402,7,6,6,6,6,7,7,6,7,6,6,7,7,6,6,7,7,6,7,7,7,7,7,7,1,1,1,1,2,1,2,2
403,6,6,7,7,7,7,7,7,6,7,7,7,7,6,7,7,6,6,7,7,6,6,7,7,2,1,1,2,1,2,1,2
404,6,6,5,7,4,2,4,1,7,7,7,6,7,7,7,7,7,6,7,6,6,6,6,5,1,1,1,1,1,1,2,3
405,7,6,7,7,7,7,6,7,6,6,6,7,6,6,7,6,6,7,7,7,7,7,7,6,1,2,2,1,2,1,2,3
406,7,7,7,7,7,4,1,2,7,7,7,7,7,7,7,7,7,7,7,7,7,5,5,3,1,1,1,1,2,3,1,1
407,7,6,7,7,7,5,5,6,7,6,7,7,6,7,6,6,7,6,7,7,7,7,6,6,1,2,2,2,1,1,1,3
408,7,6,7,7,7,6,6,6,7,6,7,6,7,6,7,7,6,7,6,7,6,6,7,6,2,1,1,2,1,2,1,3
409,7,6,7,7,7,6,5,6,7,6,7,7,6,7,6,6,6,7,6,7,6,7,6,7,1,2,1,2,1,1,1,3
410,7,7,7,7,2,6,1,2,6,7,6,7,7,7,7,7,7,7,7,7,6,5,6,6,1,1,1,1,1,1,2,3
411,7,7,6,7,5,1,1,2,7,7,7,7,7,7,7,7,7,7,7,7,4,6,5,7,1,1,1,1,2,2,2,2
412,5,5,5,5,6,6,6,5,6,5,5,4,5,5,5,5,5,5,6,5,6,6,6,5,2,2,3,2,1,2,2,2
413,7,7,7,7,1,1,1,1,7,7,7,7,7,7,7,7,7,7,7,7,5,6,4,4,1,1,1,1,2,2,2,2
414,6,5,6,7,6,6,7,6,5,6,5,5,6,4,6,5,5,4,6,6,5,7,5,6,1,3,3,1,2,2,2,2
415,6,7,5,7,5,6,5,7,5,7,7,7,5,7,5,6,6,6,7,5,7,7,5,5,1,3,3,1,2,2,1,1
416,7,7,6,7,7,7,7,7,6,7,7,6,7,7,6,7,7,7,7,7,7,7,7,7,1,1,2,1,2,2,2,2
417,6,7,6,7,5,6,5,5,6,6,7,6,7,6,6,6,6,6,6,7,6,7,7,6,2,2,2,1,1,1,2,2
418,7,7,6,7,2,3,2,3,7,7,7,6,7,7,6,7,7,7,7,6,7,6,7,6,1,1,2,2,2,1,2,2
419,7,7,7,6,3,3,2,3,6,6,7,6,6,6,7,4,7,7,7,7,6,7,6,6,1,1,1,1,1,1,2,2
420,7,7,7,7,6,7,6,7,7,7,7,7,7,7,7,7,6,7,7,7,7,6,7,5,2,1,1,1,2,1,2,3
421,6,7,6,6,4,3,2,3,7,7,7,7,6,7,6,7,6,7,7,6,6,7,6,7,1,1,2,2,1,1,2,3
422,7,7,6,7,3,1,2,3,6,7,6,7,7,6,7,6,6,7,6,7,7,7,6,7,2,1,1,1,2,2,2,3
423,7,6,6,7,5,5,6,3,6,7,6,6,7,6,7,6,7,6,7,6,7,6,7,7,1,3,1,1,1,1,2,1
424,6,7,6,7,5,6,7,7,7,6,6,7,6,7,7,6,6,7,6,6,7,5,7,6,2,2,1,2,1,2,2,3
425,7,7,7,7,1,2,1,1,7,7,7,7,7,7,7,7,7,7,7,7,5,5,5,4,1,1,1,1,2,2,2,2
426,6,7,7,6,6,3,2,1,6,6,7,7,6,7,6,7,6,5,6,5,6,6,6,7,3,3,3,3,2,2,2,2
427,6,7,6,7,2,2,1,3,7,6,7,6,7,7,6,6,7,6,7,6,5,6,7,6,1,2,1,1,2,1,2,1
428,7,7,7,7,1,1,1,1,7,7,7,7,7,7,7,7,7,7,7,7,7,7,7,7,1,1,1,1,1,2,2,3
429,7,6,6,7,3,4,2,1,6,7,6,7,6,5,6,7,6,6,7,6,5,6,7,6,1,2,1,2,1,1,3,3
430,7,6,7,6,7,6,5,6,6,5,5,7,6,6,5,6,6,5,7,5,6,6,5,5,1,1,3,1,1,2,2,3
431,6,6,6,6,1,2,2,1,6,6,7,6,6,7,7,6,6,6,7,7,7,7,7,5,2,2,1,2,1,1,2,3
432,6,7,7,7,2,1,1,1,6,7,7,7,7,7,7,6,7,7,7,6,6,7,6,6,1,1,1,1,2,1,2,2
433,7,6,7,7,6,7,6,7,6,5,6,6,7,6,7,6,7,7,6,6,6,7,6,6,2,3,3,2,2,2,2,2
434,7,7,7,7,5,5,4,4,7,7,7,7,6,7,7,7,7,7,7,6,7,6,7,6,1,1,2,1,2,1,2,2
435,7,6,5,6,5,6,7,6,5,6,7,6,5,6,7,7,5,7,5,6,6,7,6,6,2,1,3,1,1,2,2,2
436,5,6,5,6,5,5,6,5,7,5,4,5,6,5,6,4,5,5,6,5,6,5,6,5,1,3,3,2,2,2,1,1
437,6,6,6,6,4,2,2,2,6,6,6,6,6,6,6,6,6,6,6,6,6,5,4,4,2,2,2,2,2,2,2,1
438,6,7,6,7,7,6,7,7,6,7,6,7,6,7,6,6,6,7,6,6,7,6,6,6,2,2,3,3,2,3,2,2
439,6,6,7,7,2,5,1,1,7,6,7,7,6,7,7,6,6,7,7,6,6,2,5,5,1,2,2,1,2,2,2,2
440,6,6,7,6,6,6,7,5,6,7,7,7,6,6,7,6,6,5,7,6,6,7,6,5,1,3,3,3,2,2,1,1
441,7,6,7,7,2,1,2,1,7,6,7,6,7,6,7,6,6,7,7,6,7,6,7,6,1,2,1,1,1,1,2,2
442,7,6,6,6,6,5,5,4,6,7,7,7,7,7,6,6,6,6,7,7,5,6,6,6,1,2,2,2,1,1,2,2
443,5,5,6,6,5,5,5,6,6,6,6,6,6,5,5,5,6,6,6,6,4,5,5,4,2,2,2,2,2,1,2,3
444,7,7,7,7,7,7,7,7,7,7,7,7,7,7,7,7,7,7,7,7,7,7,7,7,1,1,1,1,2,3,1,1
445,7,7,6,7,2,1,1,1,7,7,7,6,7,7,7,6,6,7,7,6,7,7,7,7,1,1,1,1,2,1,2,2
446,7,7,7,7,1,2,1,1,7,7,7,7,7,7,7,7,7,7,7,7,7,7,7,7,1,1,1,1,1,2,2,2
447,7,7,7,7,7,7,7,7,7,7,7,7,7,7,7,7,7,7,7,7,7,7,7,7,1,1,1,1,2,3,2,1
448,7,7,6,7,7,6,5,5,7,7,7,7,7,7,6,7,7,7,7,7,7,7,6,6,1,1,1,1,2,2,2,2
449,6,7,7,7,6,5,6,6,7,7,7,7,6,7,7,6,6,6,7,6,6,6,5,7,2,2,2,1,2,1,2,2
450,7,7,6,7,7,6,1,1,7,7,7,7,7,7,7,7,7,7,7,7,7,7,7,7,1,1,1,1,2,2,2,2
451,5,6,6,6,6,5,6,2,6,6,5,6,6,5,6,5,6,6,5,6,5,5,5,6,2,3,3,3,2,2,2,2
452,7,7,7,7,7,7,7,7,7,7,7,7,7,7,7,7,7,7,7,7,7,7,7,7,1,1,1,1,2,1,2,3
453,6,5,6,7,6,6,7,6,7,6,6,6,7,6,7,6,6,6,7,6,7,7,6,6,1,2,2,2,1,2,2,2
454,6,6,6,7,6,7,6,7,6,6,6,6,6,6,5,6,5,5,6,6,6,6,6,6,2,2,1,1,2,2,3,2
455,6,7,6,7,7,5,5,5,5,5,4,4,4,4,5,5,7,7,5,6,4,6,4,3,1,2,2,2,2,2,2,3
456,5,6,7,6,7,6,5,7,5,7,7,7,6,6,6,7,6,6,7,6,6,6,6,5,2,3,3,1,2,2,2,2
457,6,6,6,6,3,2,2,2,6,6,6,6,6,6,6,6,6,6,6,6,5,5,4,4,1,1,1,1,1,2,2,2
458,6,7,7,6,6,5,6,6,7,7,7,6,7,7,6,7,7,7,7,6,7,7,7,7,2,1,1,1,1,2,2,2
459,7,6,6,7,4,6,3,3,7,7,6,6,6,6,7,7,6,7,7,7,5,6,4,5,1,2,1,1,2,2,2,2
460,7,7,7,7,6,7,7,6,7,6,7,7,6,6,6,6,6,7,6,6,7,7,6,6,1,1,1,1,2,1,1,1
461,7,7,6,7,2,1,3,2,7,6,7,6,6,7,7,7,6,7,6,7,5,7,5,5,1,2,1,1,1,1,3,2
462,7,6,7,7,6,7,2,1,6,7,7,6,7,6,7,7,7,6,7,6,7,7,6,6,1,2,2,2,1,3,2,3
463,6,7,6,7,7,7,6,7,6,7,6,7,6,7,7,7,6,6,7,6,7,7,6,6,1,2,1,2,1,2,1,2
464,7,7,6,6,6,2,1,1,6,7,7,6,7,7,6,6,7,7,7,6,7,6,7,7,1,2,2,1,2,1,2,2
465,7,6,7,7,6,7,7,6,6,6,6,6,7,6,7,5,5,7,6,7,6,6,7,7,1,1,1,1,2,2,1,1
466,6,5,6,5,6,3,2,4,6,6,6,7,7,7,7,7,6,7,6,7,7,6,4,3,1,1,1,1,1,2,2,2
467,7,7,7,7,7,7,7,6,7,7,7,7,7,7,7,6,7,7,7,6,7,7,7,7,1,1,1,1,2,2,2,2
468,7,6,7,6,6,7,6,7,6,7,7,7,7,6,7,6,6,7,6,7,6,7,6,6,1,2,1,1,2,2,2,3
469,6,5,6,7,4,5,3,3,7,6,6,7,7,7,7,6,6,7,6,6,6,6,6,7,1,1,2,1,2,2,2,2
470,6,6,6,6,6,5,6,2,6,6,7,7,6,7,5,5,6,6,6,6,6,5,6,6,3,2,2,2,1,2,2,2
471,7,7,7,7,7,7,7,7,7,7,7,7,7,7,7,7,7,7,7,7,7,7,7,7,1,1,1,1,2,2,2,2
472,7,7,5,6,7,6,6,6,7,7,7,7,6,7,7,6,7,7,6,7,6,6,6,6,1,2,2,2,2,3,1,1
473,7,7,7,7,7,7,7,7,7,7,7,7,7,7,7,7,7,7,7,7,7,7,7,7,1,1,1,1,2,2,2,3
474,7,7,6,7,6,7,7,6,6,5,7,6,7,6,6,6,6,7,6,6,6,7,7,6,2,1,1,2,2,2,2,2
475,7,6,6,6,6,6,1,2,6,7,6,6,6,7,6,6,7,6,7,6,6,6,7,6,2,1,2,2,1,1,2,1
476,6,7,6,7,7,2,1,2,6,7,7,7,6,7,7,6,7,6,7,7,6,7,6,7,1,2,1,1,1,3,3,3
477,7,6,7,5,7,7,5,7,6,7,5,6,7,6,6,7,6,7,6,6,7,5,7,5,2,1,2,2,1,1,1,2
478,5,7,6,6,7,7,7,7,6,7,7,7,7,6,7,7,7,7,7,6,7,7,6,6,1,2,1,1,2,2,2,3
479,7,6,5,6,7,6,7,7,7,7,6,7,7,6,6,6,6,7,6,6,7,6,7,6,2,1,2,1,2,2,2,2
480,7,7,7,7,7,7,7,7,7,7,7,7,7,7,7,7,7,7,7,7,7,7,6,7,1,1,1,1,2,2,1,3
481,7,7,6,7,6,7,6,7,6,7,7,7,7,6,6,7,6,6,7,6,7,7,6,6,1,2,2,1,2,2,3,3
482,7,7,7,7,7,7,7,7,7,7,7,7,7,7,6,7,7,6,7,7,7,7,7,7,1,1,2,1,2,3,1,1
483,6,7,6,6,6,7,7,7,7,6,7,7,7,7,6,7,7,7,6,7,6,6,7,7,2,1,1,1,2,2,2,2
484,6,7,7,7,2,2,2,3,7,7,6,5,7,7,6,7,7,7,6,7,6,6,6,6,1,1,2,1,1,1,2,2
485,7,7,6,6,6,6,6,6,6,6,6,6,6,6,6,6,7,6,6,6,6,7,6,7,2,2,2,2,2,1,2,1
486,7,7,6,7,7,7,7,7,7,6,7,7,5,7,6,7,7,7,7,7,7,6,6,7,2,2,1,1,2,1,2,1
487,6,6,7,6,3,2,2,1,6,7,6,7,6,6,7,6,5,6,7,6,5,3,2,3,2,2,1,1,1,1,2,2
488,7,6,7,7,7,7,6,7,6,7,6,7,6,7,6,7,6,7,7,6,6,7,6,7,2,2,1,2,2,2,1,1
489,7,7,6,6,7,6,7,7,6,7,6,6,7,6,7,6,7,7,7,6,7,6,7,7,1,2,1,1,2,2,2,1
490,6,6,6,7,5,5,5,6,7,7,7,7,7,7,7,7,7,6,7,7,6,5,4,4,1,1,1,1,1,1,3,3
491,5,4,5,4,5,4,5,4,5,4,4,4,4,5,5,4,5,4,5,6,5,5,5,5,2,3,3,3,1,1,2,3
492,5,6,7,7,3,3,3,3,7,6,6,6,7,7,7,7,6,6,6,6,7,7,7,7,1,1,3,1,1,2,2,3
493,7,6,7,7,1,1,2,1,7,6,6,7,5,6,7,6,7,5,6,7,5,6,5,7,1,2,3,1,1,3,3,3
494,7,6,7,6,7,7,6,7,6,7,7,7,6,7,6,7,7,7,6,7,6,7,6,6,1,2,2,1,2,2,2,2
495,7,7,7,7,7,7,7,7,7,7,7,7,7,7,7,7,7,7,7,7,5,5,5,5,2,1,1,1,2,1,2,1
496,5,7,6,7,7,7,6,6,7,5,6,5,7,6,7,6,6,6,7,6,7,7,5,5,1,3,3,3,1,1,2,2
497,6,7,7,7,7,7,7,6,7,6,7,7,7,6,7,7,7,7,7,7,7,7,7,7,1,1,1,2,2,2,2,3
498,7,7,7,7,7,6,7,7,7,6,6,7,7,7,6,7,7,7,7,6,7,7,6,7,2,1,2,1,2,2,2,3
499,6,7,6,7,6,6,7,6,7,6,6,6,7,6,7,6,6,7,7,6,7,7,6,7,1,2,2,2,2,1,2,1
500,6,7,7,7,6,6,7,7,7,6,7,6,7,7,6,6,6,7,7,7,6,6,7,7,2,2,1,1,2,2,2,2
501,6,6,6,6,5,5,6,6,6,6,6,6,6,6,6,5,7,6,7,7,4,4,7,7,4,2,4,3,1,1,2,3
502,6,7,6,6,7,7,7,6,7,6,7,5,6,6,7,6,6,5,7,6,7,5,7,5,2,1,2,2,1,1,2,2
503,7,7,7,7,4,6,5,1,7,7,7,7,7,7,7,7,7,7,6,6,7,7,7,5,1,1,1,1,2,3,1,1
504,7,6,7,7,2,1,3,2,7,6,6,6,7,7,6,6,7,5,6,6,5,6,5,6,1,3,2,2,1,2,2,3
505,7,7,7,7,6,1,1,1,7,7,7,7,7,7,7,7,7,7,7,7,7,7,7,7,1,1,1,1,2,2,2,3
506,7,6,7,6,7,6,6,6,7,6,7,6,7,6,7,6,6,6,6,7,7,7,7,7,2,2,2,1,2,2,1,1
507,7,7,7,7,7,6,7,6,7,6,6,6,5,7,5,6,6,7,7,5,6,7,6,7,3,3,2,2,2,3,2,3
508,6,7,7,7,6,6,7,7,7,6,6,6,7,7,7,6,6,7,7,6,7,7,6,6,1,1,1,1,2,2,2,3
509,7,7,7,6,6,6,7,6,7,6,7,6,7,7,6,7,7,7,7,6,7,6,7,7,1,1,1,1,2,1,2,2
510,7,7,7,7,1,1,1,1,7,7,7,7,7,7,7,7,7,7,7,7,7,7,6,7,1,1,2,1,1,2,2,3
511,7,7,7,7,7,7,7,7,7,7,7,7,7,7,7,7,7,7,7,7,7,7,7,7,1,1,1,1,2,3,2,2
512,7,6,7,6,7,7,6,7,6,7,7,7,6,7,6,7,6,6,7,6,7,7,6,6,1,2,2,2,2,2,2,2
513,7,7,7,7,7,7,7,7,7,7,7,7,7,7,7,7,7,7,7,7,7,7,7,7,1,1,1,1,2,2,2,2
514,7,6,6,7,6,6,7,7,7,6,7,7,6,6,6,7,7,6,6,6,6,5,6,7,2,2,1,2,2,2,2,2
515,7,6,7,6,6,6,7,6,7,6,6,7,6,7,7,6,7,7,6,7,6,6,7,7,2,2,2,1,2,1,2,1
516,7,7,6,7,6,7,6,6,7,6,7,6,7,6,6,7,7,7,6,6,5,5,7,6,1,2,1,1,2,1,2,2
517,7,6,7,5,7,7,6,7,6,7,7,7,6,7,7,6,7,7,6,7,6,6,7,6,1,2,2,2,2,1,1,1
518,6,7,6,7,6,6,7,6,7,6,6,6,7,7,6,6,7,7,6,6,7,7,7,7,1,2,1,1,2,1,2,3
519,7,6,7,6,7,7,6,7,6,7,7,7,6,7,6,7,6,6,7,6,7,7,6,6,1,2,2,2,2,2,2,2
520,7,7,7,7,1,1,1,1,7,6,7,7,7,6,7,6,7,7,7,7,7,6,2,7,1,2,2,1,2,1,2,3
521,7,6,7,6,6,6,7,7,7,7,7,7,6,6,7,7,7,7,6,6,7,7,7,7,2,1,1,1,2,1,2,2
522,7,7,7,7,2,5,3,1,7,7,6,7,7,7,7,7,7,7,7,7,6,7,5,7,2,2,1,2,1,2,2,2
523,7,6,7,7,7,6,7,6,7,6,6,6,7,6,7,6,6,7,7,6,6,6,7,7,2,1,1,1,2,2,2,3
524,7,7,7,7,7,7,7,7,7,7,7,7,7,7,7,7,7,7,7,7,7,7,7,6,2,2,1,1,2,1,2,1
525,7,7,7,7,7,7,7,7,7,7,7,7,7,7,7,7,7,7,7,7,7,7,7,7,1,1,1,1,2,2,2,2
526,7,7,6,7,6,6,7,7,6,6,6,7,7,6,6,7,7,6,7,6,7,7,7,7,2,2,1,1,2,1,2,1
527,7,7,7,7,7,7,7,7,7,7,7,7,7,7,7,7,7,7,7,7,7,7,7,7,1,1,1,1,2,2,2,2
528,7,7,7,7,1,1,1,1,7,7,7,7,7,7,7,7,7,7,6,7,7,7,7,7,1,1,2,1,1,2,2,3
529,6,7,6,7,7,6,6,7,7,6,6,7,6,7,6,7,7,7,7,7,7,6,7,6,1,1,2,1,2,2,2,2
530,7,7,7,7,1,1,1,1,7,7,7,7,7,7,7,7,7,7,6,7,7,7,7,7,1,1,2,1,1,2,2,3
531,7,7,7,7,1,1,1,1,7,7,7,7,7,7,7,7,7,7,6,7,7,7,7,7,1,1,2,1,1,2,2,3
532,7,7,7,7,1,1,1,1,7,7,7,7,7,7,7,7,7,7,6,7,7,7,7,7,1,1,2,1,1,2,2,3
533,7,7,7,7,1,1,1,1,7,7,7,7,7,7,7,7,7,7,6,7,7,7,7,7,1,1,2,1,1,2,2,3
534,7,7,6,7,6,7,7,7,7,7,7,6,7,7,7,7,6,7,7,7,7,7,7,7,2,1,1,1,2,2,2,3
535,7,7,7,7,1,1,1,1,7,7,7,7,7,7,7,7,7,7,6,7,7,7,7,7,1,1,2,1,1,2,2,3
536,7,7,7,7,1,1,1,1,7,7,7,7,7,7,7,7,7,7,6,7,7,7,7,7,1,1,2,1,1,2,2,3
537,7,7,7,7,1,1,1,1,7,7,7,7,7,7,7,7,7,7,6,7,7,7,7,7,1,1,2,1,1,2,2,3
538,7,6,7,6,5,6,5,7,7,7,7,6,7,6,6,7,6,7,7,6,5,6,5,6,1,1,1,1,2,2,2,2
539,7,6,7,7,7,6,7,7,6,7,7,6,7,7,6,6,7,7,7,6,6,7,7,7,1,1,2,2,2,1,2,3
540,7,6,7,7,7,7,6,7,6,7,7,7,7,7,7,6,6,7,7,6,7,6,7,7,2,1,2,2,2,1,1,2
541,6,7,7,7,7,7,6,7,6,6,7,7,6,7,7,7,7,7,7,6,6,7,6,6,2,2,2,2,2,2,1,1
542,7,7,6,6,6,6,6,7,7,6,6,6,6,6,6,6,6,6,6,6,6,6,6,7,2,2,2,2,2,2,1,1
543,7,6,7,6,7,6,7,6,6,7,7,7,6,7,6,7,7,7,6,6,7,6,7,7,2,1,2,2,2,2,3,3
544,7,7,7,7,7,7,7,7,7,7,7,7,7,7,7,7,7,7,7,7,7,7,7,7,1,1,1,1,2,2,2,1
545,6,7,7,7,7,7,6,7,6,7,7,6,7,7,7,7,7,6,7,7,7,7,6,7,1,1,2,1,2,1,2,2
546,7,6,6,7,3,3,2,1,7,7,7,7,7,7,7,6,6,6,6,6,7,6,7,7,1,2,2,2,2,2,1,1
547,7,6,7,7,7,7,6,6,7,6,7,7,7,6,7,6,6,6,7,7,6,6,7,7,2,1,1,2,2,3,3,3
548,7,7,7,7,7,7,7,7,7,7,7,7,7,7,7,7,7,7,7,7,7,7,7,7,1,1,1,1,2,2,2,2
549,7,7,6,7,7,7,7,7,7,7,6,7,7,7,7,6,6,7,7,7,7,6,7,6,2,1,1,1,2,1,2,2
550,7,7,7,7,7,7,7,7,7,7,7,7,7,7,7,7,7,7,7,7,7,7,7,7,1,1,1,1,2,1,2,1
551,7,7,7,7,5,1,1,1,7,7,7,7,7,7,7,7,7,7,7,7,7,7,7,7,1,1,1,1,2,2,2,3
552,7,6,7,7,7,6,7,7,6,7,7,7,7,6,7,6,6,7,6,7,7,6,7,7,1,1,2,2,2,2,2,3
553,7,7,7,7,7,7,7,7,7,7,7,7,7,7,7,7,7,7,7,7,7,7,7,7,1,1,1,1,2,1,2,1
554,7,7,7,7,7,7,7,7,7,7,7,7,7,7,7,7,7,7,7,7,7,7,7,7,1,1,1,1,2,1,2,1
555,7,6,7,7,6,7,7,6,6,7,6,6,5,6,7,5,6,7,7,7,7,6,6,7,3,2,2,2,2,2,2,1
556,7,7,7,6,7,7,7,7,6,7,7,7,7,6,7,6,6,6,7,7,7,7,7,7,2,1,1,1,2,1,2,3
557,7,6,7,7,6,7,6,7,7,7,7,7,7,7,7,6,7,7,7,7,7,7,7,6,1,1,1,1,1,1,2,2
558,7,7,6,6,7,7,6,7,6,7,7,7,7,6,7,7,6,7,7,7,7,7,7,6,1,1,2,1,2,2,1,1
559,6,7,6,6,7,5,3,3,6,7,7,7,7,7,7,7,6,6,7,7,7,7,7,7,1,2,2,1,1,2,2,3
560,7,7,7,7,6,7,7,7,7,7,7,7,7,7,7,7,7,7,7,7,7,7,7,7,1,1,1,1,1,2,1,1
561,6,7,6,7,6,6,7,6,7,6,6,6,7,6,7,7,7,7,6,7,7,7,6,6,1,2,2,1,2,2,3,3
562,7,6,7,6,7,7,6,7,6,7,7,7,6,7,6,7,7,7,6,6,7,7,6,6,1,2,2,2,2,1,2,3
563,7,7,7,7,7,7,7,7,6,7,7,7,7,7,6,7,7,7,7,7,7,7,7,7,1,1,1,1,2,2,2,2
564,6,7,7,7,7,6,6,5,7,6,7,7,6,7,6,7,7,6,6,7,7,7,7,7,1,1,1,1,1,2,1,2
565,6,6,6,6,5,6,6,5,6,5,6,5,6,5,6,6,5,6,5,6,5,5,5,5,1,1,2,2,2,1,2,2
566,7,6,7,6,6,6,7,6,7,7,7,7,6,6,7,6,7,6,7,6,7,7,6,6,1,2,2,1,2,2,1,1
567,7,7,7,7,7,7,7,7,7,7,7,7,7,7,7,7,7,7,7,7,7,7,7,7,1,1,1,1,2,1,2,1
568,7,7,6,7,6,7,7,7,7,7,7,7,7,6,7,7,7,6,6,7,7,6,6,7,1,1,1,1,2,1,2,2
569,7,7,7,7,4,4,3,3,7,7,7,7,7,7,7,7,7,7,7,7,7,7,7,7,1,1,1,1,2,2,2,2
570,7,7,7,7,1,1,1,1,7,7,7,7,7,7,7,7,7,6,7,7,7,6,7,7,1,1,1,1,1,2,2,3
571,6,7,6,7,7,7,7,6,6,7,7,7,6,7,6,7,6,7,6,7,6,6,7,7,2,1,1,1,2,2,2,2
572,7,6,7,7,7,7,6,7,6,7,7,7,6,7,6,7,7,7,6,7,6,6,6,6,1,1,1,2,2,3,2,2
573,7,7,7,7,1,1,1,1,7,7,7,7,7,7,7,7,7,6,7,7,7,6,7,7,1,1,1,1,1,2,2,3
574,7,6,6,7,1,5,1,2,7,7,7,7,7,7,7,6,7,7,7,7,4,6,4,4,1,1,1,1,1,2,2,2
575,7,7,7,7,7,7,7,7,7,7,7,7,7,7,7,7,7,7,7,7,7,7,7,7,1,1,1,1,2,3,1,1
576,7,6,7,6,7,7,6,7,6,7,7,7,6,7,6,7,7,7,6,7,6,6,7,6,1,2,2,2,2,2,2,2
577,7,6,7,6,7,7,6,7,6,7,7,7,6,7,6,7,7,7,6,7,6,6,7,6,1,2,2,2,2,2,2,2
578,7,6,6,6,6,5,5,6,6,6,6,6,6,6,6,6,6,6,6,6,6,6,6,4,1,1,1,1,1,1,2,3
579,7,6,6,5,5,2,2,2,7,7,6,7,7,6,7,6,7,7,5,7,7,6,5,6,1,2,2,3,2,2,2,2
580,7,7,7,7,7,7,7,7,7,7,7,7,7,7,7,7,7,7,7,7,7,7,7,7,1,1,1,1,2,2,2,1
581,7,6,7,6,6,7,6,7,7,6,6,6,7,6,7,7,7,7,6,7,6,6,7,7,1,2,2,1,2,1,2,3
582,7,7,7,7,2,2,2,1,7,7,7,7,6,7,7,7,6,6,7,6,7,7,7,7,1,1,1,1,1,1,2,2
583,6,6,7,7,6,6,7,6,6,7,7,6,7,7,7,6,7,6,6,6,7,7,7,5,1,1,2,1,2,2,2,3
584,7,7,7,6,7,6,7,4,6,6,6,6,7,7,7,7,7,7,7,7,7,7,4,4,1,1,1,1,1,2,2,3
585,7,6,7,6,7,7,6,7,6,7,6,7,7,7,7,6,7,6,6,7,7,7,6,7,1,1,1,2,2,3,1,1
586,6,7,7,7,6,7,6,7,7,7,7,7,7,6,7,7,7,7,7,6,7,7,7,7,2,1,1,2,2,1,2,1
587,7,6,7,6,2,3,3,3,6,7,7,7,7,6,7,6,7,7,6,7,6,6,7,6,1,1,1,1,2,2,2,2
588,6,7,7,6,7,5,6,4,5,6,5,6,6,7,7,7,7,6,7,6,6,6,7,6,1,1,1,3,1,2,2,2
589,7,7,7,7,1,1,1,1,7,7,7,7,7,7,7,7,7,7,7,7,6,7,6,7,1,1,1,1,1,2,2,3
590,7,7,7,6,7,7,7,6,7,6,6,6,7,6,7,6,6,6,7,7,6,6,7,7,1,2,2,1,2,1,2,3
591,6,7,6,7,6,2,1,1,6,7,7,7,7,7,6,7,6,6,7,7,7,7,7,7,1,1,1,1,2,2,2,2
592,6,7,7,7,1,1,1,1,7,7,7,6,7,7,7,7,7,7,7,7,7,7,7,7,1,1,1,1,1,2,2,3
593,7,6,7,6,6,5,7,6,7,7,7,7,6,6,6,7,7,7,6,7,5,5,7,7,3,1,1,1,2,2,2,1
594,6,7,7,7,1,1,1,1,7,7,7,7,7,7,6,7,7,6,7,7,7,7,7,7,1,2,1,1,1,2,2,3
595,6,7,7,7,1,1,1,1,7,7,7,7,7,7,6,7,6,7,7,7,7,6,7,6,1,1,1,1,1,2,2,3
596,7,7,7,7,7,7,7,7,7,7,7,7,7,7,7,7,7,7,7,7,7,7,7,7,1,1,1,1,2,2,2,1
597,7,6,7,7,5,6,5,4,7,7,6,6,7,7,7,7,7,7,7,7,6,6,7,7,1,1,2,1,1,2,3,3
598,6,7,6,6,5,6,6,5,7,7,7,7,7,6,6,6,6,6,6,7,6,7,7,6,1,2,1,1,2,2,2,2
599,7,6,7,6,7,7,6,7,6,7,7,7,6,7,6,7,7,7,6,7,6,6,7,7,2,1,1,2,2,2,2,2
600,7,6,7,7,7,7,6,7,6,7,7,7,6,7,6,7,7,7,6,7,6,6,7,7,2,1,1,2,2,2,2,2
601,7,7,7,6,6,6,6,7,6,7,6,7,6,7,7,6,7,7,6,6,6,6,7,7,1,2,1,2,2,2,2,2
602,7,7,6,6,7,6,6,7,7,7,7,7,6,6,6,7,7,7,6,7,6,7,6,6,2,2,2,2,2,2,2,2
603,6,7,6,7,4,4,4,4,7,7,7,6,6,6,6,7,7,7,6,6,7,7,6,6,1,1,1,1,1,2,3,3
604,7,7,7,7,7,7,7,7,7,7,7,7,7,7,7,7,7,7,7,7,7,7,7,7,1,1,1,1,2,2,2,1
605,7,7,6,7,4,5,4,4,7,6,7,6,7,7,6,6,7,7,7,7,6,7,7,6,1,2,2,1,1,2,2,2
606,7,7,6,7,5,5,2,2,7,7,6,7,6,7,7,6,6,6,7,7,6,7,6,6,1,1,2,1,1,2,2,1
607,7,7,6,6,7,7,6,7,7,7,7,7,7,6,7,7,7,7,7,7,6,7,7,7,1,1,1,1,2,1,2,1
608,7,7,7,6,1,1,2,2,7,7,6,7,7,7,7,6,7,6,7,7,7,7,7,6,1,1,1,2,1,1,2,3
609,7,7,7,6,5,6,5,6,7,7,6,7,7,6,6,7,6,7,6,6,6,5,5,7,1,2,1,1,1,2,2,2
610,6,7,6,7,7,7,6,7,7,7,7,7,7,7,7,6,7,7,7,7,7,7,7,7,1,1,1,1,2,2,2,2
611,7,7,6,7,1,1,1,1,7,6,7,7,7,7,6,7,7,6,7,7,7,7,6,7,1,1,1,1,1,2,2,3
612,5,5,5,5,5,5,5,6,5,4,4,4,5,4,4,5,5,5,6,6,4,6,5,5,3,3,2,2,1,3,1,1
613,6,6,7,7,7,7,7,6,7,6,6,6,7,6,7,6,6,6,7,6,7,7,6,6,1,2,2,1,2,1,2,1
614,5,6,4,5,6,7,5,7,5,6,7,7,6,5,6,6,6,7,5,6,6,5,6,7,2,2,3,2,2,2,3,3
615,7,6,7,6,7,6,7,6,7,6,6,6,7,6,7,6,7,7,7,7,7,7,6,7,2,2,2,2,2,3,3,3
616,7,7,7,7,1,2,1,1,7,6,7,6,7,7,7,6,7,6,7,7,7,7,7,7,1,1,1,1,1,1,2,3
617,7,6,7,7,5,4,5,5,7,7,7,7,7,7,6,6,7,6,7,6,7,7,6,6,1,1,1,1,2,1,3,3
618,6,3,6,5,4,5,4,3,5,5,5,5,6,6,5,6,7,5,7,4,5,5,6,5,2,2,4,3,1,1,2,2
619,7,6,7,6,7,6,7,6,7,6,7,7,6,7,6,7,7,7,6,7,6,7,7,6,1,2,1,2,2,1,2,2
620,7,5,6,7,3,2,1,2,7,6,6,7,7,6,6,7,7,6,7,7,5,6,7,5,1,1,1,1,1,2,3,2
621,7,6,7,7,6,6,7,7,7,7,6,6,7,6,7,6,7,7,6,7,7,7,6,6,1,2,1,2,1,2,2,2
622,7,6,7,7,7,7,6,7,7,6,6,7,6,7,6,7,7,7,7,6,7,6,7,7,1,1,1,1,2,2,2,2
623,7,6,7,6,6,6,7,6,7,6,7,7,6,7,6,7,7,7,6,7,6,6,7,7,2,1,1,1,1,1,2,3
624,6,7,6,7,4,2,2,1,6,7,6,7,7,6,7,7,6,7,6,6,5,7,6,6,1,2,2,1,2,1,2,3
625,6,6,7,6,4,6,2,3,6,6,6,6,7,6,7,6,7,7,6,7,6,5,5,4,1,2,1,1,1,3,2,2
626,7,6,7,6,7,6,6,6,7,7,6,7,7,7,7,6,7,7,6,7,6,6,7,7,2,1,1,1,1,2,1,2
627,7,7,7,7,5,4,3,5,7,7,7,7,7,6,7,7,7,7,7,7,7,7,7,7,1,1,1,1,1,3,3,3
628,6,7,7,6,7,7,6,7,7,6,6,7,7,7,7,6,7,7,6,7,7,7,6,6,1,1,1,2,2,2,2,2
629,7,6,7,6,7,6,7,6,7,6,6,7,7,7,6,6,6,6,7,6,7,7,6,6,1,1,2,2,1,2,2,2
630,6,5,5,6,7,6,5,5,6,6,6,7,5,5,7,5,4,4,6,5,5,4,7,6,3,1,3,3,1,1,2,2
631,7,6,7,7,7,7,7,7,7,6,7,6,7,7,7,6,7,6,6,7,6,6,7,6,1,1,2,1,2,2,2,2
632,7,7,7,7,7,7,7,7,7,7,7,7,7,7,7,7,7,7,7,7,7,7,7,7,1,1,1,1,2,1,2,1
633,7,7,6,6,4,4,3,4,3,3,6,7,7,7,6,6,6,7,7,6,7,6,7,7,1,2,1,1,1,3,2,3
634,7,6,6,7,6,6,1,6,5,6,7,5,6,7,7,6,7,7,7,6,6,7,7,7,2,1,2,2,2,1,2,1
635,7,7,6,7,7,7,6,7,7,6,7,7,7,7,7,7,7,7,7,7,7,7,7,7,1,1,1,1,2,2,2,3
636,6,7,6,6,7,6,7,7,6,7,7,7,7,6,7,6,7,6,6,7,7,6,7,6,1,2,1,2,2,2,2,2
637,7,6,7,7,4,4,4,4,7,7,7,7,7,7,7,7,7,7,7,7,6,7,6,7,1,2,1,1,1,3,3,3
638,6,7,6,7,7,7,6,7,6,7,7,7,7,6,7,6,7,7,7,6,7,6,7,7,1,2,2,1,1,2,2,3
639,7,7,7,7,4,4,4,4,7,7,7,7,7,7,7,7,7,7,7,7,4,5,4,1,1,1,1,1,2,1,2,1
640,7,7,7,7,1,1,1,1,7,7,7,7,7,7,7,7,7,7,6,7,7,4,4,7,1,1,1,1,1,2,2,3
641,7,7,7,7,7,7,7,7,7,7,7,7,7,7,7,7,7,7,7,7,7,7,7,7,1,1,1,1,2,3,1,2
642,5,6,7,6,1,1,1,1,7,7,7,7,7,6,7,7,7,6,7,7,7,6,7,7,2,1,1,1,1,1,3,2
643,6,7,6,6,6,6,7,6,7,6,6,6,7,7,6,7,7,7,6,6,7,7,7,7,2,1,1,2,2,2,1,2
644,5,6,7,6,6,7,1,1,7,7,6,7,6,7,6,6,6,7,7,6,7,6,7,6,1,2,1,1,2,1,2,2
645,6,6,7,6,6,5,4,7,7,7,6,6,7,6,7,5,5,6,5,6,7,7,6,4,1,2,1,2,1,3,1,1
646,6,6,6,6,5,6,6,7,6,7,6,7,6,6,6,5,6,6,7,5,6,5,6,5,2,2,1,1,1,2,2,2
647,6,7,6,7,4,4,4,4,6,6,5,6,6,5,6,6,6,6,6,5,5,4,6,3,2,3,3,3,1,2,2,2
648,6,6,7,6,7,6,7,6,6,7,7,7,6,7,6,7,7,7,6,7,6,6,7,7,2,2,2,2,1,2,3,2
649,6,7,6,7,6,6,7,6,7,6,6,6,7,7,6,7,7,7,7,6,6,6,7,7,2,1,1,1,1,2,2,3
650,6,6,6,6,6,5,5,4,6,6,6,6,6,6,6,6,6,6,6,7,7,7,7,4,1,1,2,1,2,2,2,2
651,7,6,7,6,5,5,5,5,6,6,7,7,7,7,7,7,7,6,6,6,6,7,7,7,1,2,2,1,1,2,2,3
652,6,7,7,6,1,1,1,1,7,7,7,7,7,7,6,7,6,7,7,6,7,7,7,7,1,1,2,1,1,2,2,3
653,7,7,7,7,1,1,1,1,7,7,7,7,7,7,7,7,7,7,7,7,7,7,7,1,1,1,1,1,2,1,3,3
654,7,6,7,6,7,7,6,7,6,7,7,7,6,7,6,7,7,7,6,7,6,6,7,7,2,1,2,1,1,2,2,3
655,7,7,7,7,1,1,1,1,7,7,7,7,7,7,7,7,7,7,7,7,5,5,4,5,1,1,1,1,2,1,2,2
656,7,6,7,7,2,1,1,1,7,7,7,7,7,7,7,6,7,7,7,7,7,6,7,6,1,2,1,1,1,2,2,2
657,7,7,7,7,7,4,1,1,7,7,7,7,7,7,7,7,7,7,7,7,7,7,7,7,1,1,1,1,1,3,2,3
658,7,6,6,7,1,1,1,1,7,6,6,7,6,7,6,7,7,7,6,6,7,7,6,6,2,1,2,2,2,2,1,2
659,6,7,6,7,6,7,6,7,6,6,7,7,6,7,6,7,6,7,6,7,6,6,6,7,2,2,2,1,1,2,2,3
660,6,6,7,6,1,1,1,1,7,6,5,5,6,7,6,7,7,7,6,7,6,6,7,7,2,1,1,1,1,2,3,3
661,6,7,6,6,4,4,3,3,7,7,7,6,7,7,6,6,7,7,7,7,7,6,6,7,1,1,2,2,1,3,3,3
662,7,6,7,7,1,1,1,1,7,7,7,6,7,6,7,7,7,7,7,6,6,6,7,7,2,1,1,1,1,2,3,3
663,7,7,6,7,1,1,1,1,7,7,7,7,7,7,7,7,7,7,7,6,6,6,6,6,1,1,1,1,1,2,2,3
664,6,6,6,6,1,1,1,1,6,6,6,6,7,7,7,7,6,7,6,7,7,6,6,6,1,1,1,1,2,1,2,2
665,7,6,6,6,1,1,1,1,7,6,7,7,6,7,6,7,7,7,7,7,7,7,7,7,1,1,1,1,2,2,2,3
666,7,7,6,7,1,1,1,1,7,6,7,7,7,7,7,6,6,7,7,7,6,6,7,6,2,2,2,1,1,3,2,3
667,7,7,7,7,4,3,4,3,7,6,7,7,7,7,6,6,7,6,6,7,7,7,7,7,1,1,1,2,1,3,2,2
668,6,6,6,7,1,1,1,1,6,6,7,7,6,6,6,7,6,7,7,7,6,6,7,7,2,2,1,1,1,2,2,3
669,7,6,7,6,6,7,7,7,7,7,7,7,7,6,7,7,6,6,7,7,6,6,7,7,2,1,1,2,1,2,1,3
670,7,6,7,7,6,7,6,6,7,7,6,6,7,6,7,6,7,6,7,6,7,7,6,7,2,1,1,1,2,2,2,2
671,7,7,6,7,1,1,1,1,7,6,7,7,7,6,7,7,7,7,7,7,7,6,7,7,1,2,1,1,1,2,2,3
672,6,7,7,6,1,1,1,1,6,7,6,6,7,6,7,7,7,7,6,7,7,7,6,6,1,2,2,1,1,2,2,3
673,6,6,6,6,7,6,7,6,6,7,6,6,6,7,7,7,6,7,7,7,6,7,6,6,1,2,2,2,1,2,2,3
674,7,7,7,7,1,2,1,2,7,7,7,7,7,7,7,7,7,7,7,7,6,5,3,2,1,1,2,1,1,2,2,3
675,7,7,7,7,7,7,7,7,7,7,7,7,7,7,7,7,7,7,7,7,7,7,7,7,1,1,1,1,2,3,1,2
676,7,6,6,6,2,2,1,2,6,7,6,6,6,6,7,6,6,7,6,6,6,6,7,6,2,1,1,2,1,3,2,3
677,6,6,6,6,1,1,2,2,6,7,6,6,6,6,6,7,6,6,7,6,7,6,6,6,2,2,1,2,1,2,2,3
678,6,7,7,6,2,1,1,1,7,6,6,7,6,7,7,6,7,7,6,7,7,7,7,7,1,1,1,1,1,1,3,3
679,7,7,6,6,5,3,3,4,6,7,6,7,7,7,7,7,7,7,6,7,6,7,7,7,1,2,1,1,1,2,2,3
680,6,6,6,6,6,7,6,7,6,7,7,6,7,6,7,6,7,7,6,7,6,6,6,7,2,1,1,1,2,2,1,2
681,6,5,7,7,5,3,5,4,6,6,6,6,6,5,6,6,7,7,6,6,7,7,7,6,1,3,3,2,2,1,2,2
682,7,7,7,7,7,7,7,7,7,7,7,7,7,7,7,7,7,7,7,7,7,7,7,7,1,1,1,1,2,2,1,3
683,7,7,7,7,7,7,7,7,7,7,7,7,7,7,7,6,7,7,7,7,7,7,7,7,1,1,1,1,2,3,1,3
684,7,7,7,7,6,6,2,4,7,7,7,7,7,7,7,7,7,7,7,7,4,6,6,4,1,1,1,1,2,1,2,1
685,7,7,7,7,7,7,7,7,7,7,7,7,7,7,7,7,7,7,7,7,7,7,7,7,1,1,1,1,2,3,1,3
686,7,7,7,7,7,6,6,7,7,6,6,6,6,6,7,7,7,7,6,6,7,6,7,6,2,1,1,1,2,2,2,3
687,7,7,7,7,1,1,1,1,7,7,7,7,7,7,7,7,7,7,7,7,7,7,7,7,1,1,1,1,1,2,2,3
688,6,7,7,7,7,7,6,7,6,7,6,6,6,7,7,7,7,7,7,6,7,6,7,7,2,1,1,1,2,2,2,3
689,1,1,1,1,1,1,1,1,1,2,3,2,3,3,6,1,6,5,5,5,5,4,5,4,4,3,3,3,2,1,1,1
690,7,7,7,7,7,7,7,7,7,6,7,5,7,6,5,4,7,7,7,7,7,7,7,7,1,1,1,1,2,3,1,3
691,7,7,7,7,7,7,7,7,7,7,7,7,7,7,7,7,7,7,7,7,7,7,7,7,1,1,1,1,2,3,1,3
692,6,7,6,7,6,7,6,7,6,7,6,7,7,6,7,6,6,7,6,7,7,7,7,7,1,1,1,1,2,2,2,3
693,7,7,7,6,7,7,7,7,6,7,7,7,6,6,7,7,6,7,6,7,7,6,6,6,2,1,2,1,2,2,2,3
694,4,6,6,5,6,7,5,7,7,5,6,6,5,6,5,7,7,7,5,7,5,5,7,7,2,1,2,2,1,3,3,3
695,7,6,6,6,7,6,7,7,6,7,7,7,6,7,7,7,6,7,7,6,7,6,7,6,1,1,1,1,2,2,2,3
696,7,6,7,7,7,7,7,6,7,6,6,6,6,6,6,6,7,7,6,6,6,6,7,7,1,2,1,1,2,2,2,3
697,6,6,5,6,6,5,6,5,5,6,5,6,5,5,6,6,6,5,6,6,5,6,6,5,2,2,3,3,2,2,2,2
698,6,7,6,6,6,2,3,1,7,6,7,7,6,6,7,7,7,7,5,6,7,6,7,7,1,2,1,1,2,1,2,1
699,7,7,7,7,7,7,7,7,7,7,7,6,7,7,7,7,7,7,7,7,7,7,7,7,1,1,1,1,1,3,2,3
700,7,7,6,6,7,6,7,6,7,6,7,6,7,6,7,7,6,7,6,7,7,6,7,7,2,2,1,2,2,2,2,3
701,5,6,7,6,6,6,5,5,7,7,5,7,7,5,6,7,6,7,6,5,6,7,7,6,2,1,3,1,2,1,2,2
702,7,7,6,7,6,6,7,7,6,7,7,7,6,7,6,7,7,6,7,7,6,7,7,6,1,1,2,1,2,2,2,3
703,5,6,5,6,6,3,3,6,7,5,6,7,4,4,5,3,6,7,7,6,4,5,5,6,1,1,4,1,2,1,3,1
704,5,6,6,6,6,5,5,5,6,6,6,6,6,6,6,6,6,6,6,6,6,6,6,6,2,2,2,1,2,1,3,2
705,6,6,7,7,1,2,1,1,6,7,6,7,7,6,7,7,7,6,6,6,7,7,7,7,2,1,1,1,1,1,2,1
706,5,6,7,7,5,6,7,7,5,7,5,7,5,6,7,5,7,7,6,6,7,6,6,5,2,1,1,2,2,2,2,2
707,5,7,7,6,2,2,1,1,7,6,6,7,6,7,6,7,7,6,7,6,7,5,6,6,1,2,2,2,2,2,2,2
708,7,5,7,6,7,6,7,6,7,5,6,5,6,7,5,6,5,7,5,6,7,7,5,7,3,2,1,2,1,2,2,2
709,7,7,5,6,2,1,2,1,7,6,6,6,7,6,6,7,7,7,5,6,7,7,6,7,2,3,2,2,2,3,2,2
710,7,6,6,7,5,3,3,3,6,6,7,7,6,6,7,7,7,6,6,6,5,6,5,5,1,1,1,1,2,1,3,3
711,6,6,6,6,7,7,6,6,6,6,5,6,5,5,5,5,6,6,6,6,6,6,2,2,2,2,2,2,1,3,1,1
712,6,7,7,7,6,6,6,6,6,6,7,7,7,7,7,7,6,6,7,6,6,6,6,6,1,1,2,1,1,2,1,2
713,7,7,7,7,3,5,1,1,7,7,7,7,7,7,7,7,7,7,7,7,7,7,5,5,1,1,1,1,1,1,2,2
714,6,5,6,7,6,6,6,7,7,7,6,7,5,6,5,6,6,6,6,6,7,6,5,5,1,1,2,2,2,2,2,2
715,5,6,4,6,3,4,3,2,5,4,7,5,4,6,5,5,5,4,7,5,6,5,6,6,4,3,4,3,1,1,2,2
716,7,7,7,7,4,6,5,4,7,7,7,7,7,7,7,7,7,6,7,7,6,7,7,7,1,2,1,1,1,2,2,2
717,6,6,6,6,6,6,3,6,6,5,6,6,6,6,6,6,7,6,7,6,5,6,6,6,1,1,2,2,1,1,2,2
718,6,7,5,7,3,3,3,2,6,7,5,6,6,7,5,5,5,7,6,7,6,7,6,5,2,3,1,1,1,1,3,2
719,6,6,5,6,5,6,6,4,7,6,6,5,5,5,4,5,6,6,5,6,5,5,5,6,2,2,2,2,1,1,2,1
720,4,4,5,4,6,4,5,6,5,4,6,4,5,6,5,4,4,5,6,4,5,4,6,4,3,3,2,4,2,1,2,2
721,6,6,7,7,4,3,2,1,6,7,6,6,7,6,6,7,7,6,7,6,5,6,5,4,1,2,2,2,2,2,1,1
722,7,7,7,7,1,2,2,1,7,7,6,6,7,6,6,7,7,6,7,6,7,7,7,7,1,1,1,1,1,1,1,2
723,7,7,7,7,7,7,7,7,7,7,6,6,7,7,6,6,7,7,7,6,7,6,7,7,1,1,1,2,1,2,2,3
724,7,4,3,7,4,5,6,3,6,5,5,5,6,4,3,5,5,5,6,7,6,6,7,6,3,1,2,1,1,2,2,2
725,7,7,6,7,3,1,2,1,7,7,6,6,7,7,6,6,7,7,7,7,7,7,6,6,1,1,2,1,2,1,2,2
726,6,7,7,7,1,1,1,1,7,7,7,7,7,7,6,7,7,6,7,6,7,7,6,7,2,1,1,1,1,2,2,3
727,7,6,7,6,5,6,4,5,6,6,6,7,7,7,6,6,6,6,7,7,6,5,5,5,1,2,1,1,1,1,2,2
728,7,6,7,7,5,5,3,5,6,7,6,7,7,7,7,6,6,7,6,6,4,5,5,5,2,1,2,1,1,1,2,2
729,7,7,7,7,3,2,1,1,7,7,7,7,7,7,7,7,7,7,7,7,4,7,3,5,1,3,1,1,2,1,3,3
730,6,7,6,7,6,6,7,6,7,6,6,6,7,6,7,6,6,6,7,6,6,6,7,7,2,1,1,1,1,2,2,3
731,6,6,6,6,5,5,2,2,7,7,6,7,7,7,7,7,7,7,7,7,5,6,6,7,1,1,1,1,2,2,2,2
732,6,7,6,7,6,7,6,7,6,7,7,6,7,6,7,7,7,7,7,6,7,7,6,7,2,1,1,1,1,1,2,1
733,7,7,7,7,6,7,7,7,7,7,7,7,7,7,7,7,7,7,7,7,7,7,7,7,1,1,1,1,1,2,1,1
734,7,7,7,7,7,7,6,6,7,7,6,6,7,7,7,7,7,7,7,7,6,6,7,6,1,2,1,2,1,1,2,2
735,6,7,7,6,7,6,7,7,7,6,7,7,7,6,7,7,7,6,6,6,7,7,6,7,1,2,1,1,1,1,2,3
736,4,6,5,6,6,6,4,6,5,4,4,4,6,4,6,5,6,5,6,5,6,6,5,4,2,4,3,3,2,2,2,2
737,7,7,7,6,1,1,1,1,7,7,7,6,7,6,7,6,6,7,6,7,7,7,7,7,2,1,1,1,2,2,3,3
738,6,7,6,7,2,3,2,2,6,7,7,7,6,7,6,7,6,6,7,6,6,7,6,7,3,2,2,2,1,2,2,3
739,6,7,6,7,6,6,7,6,7,6,6,6,7,6,7,6,6,6,7,6,7,7,6,6,1,2,2,2,1,2,1,3
740,6,5,5,6,6,3,3,2,6,6,5,7,6,5,7,6,6,5,7,7,4,5,6,4,2,2,1,2,2,2,2,2
741,5,6,4,6,4,4,5,5,6,7,6,6,6,5,5,6,7,6,6,5,5,5,3,2,1,2,1,1,2,1,2,3
742,6,7,7,7,7,7,6,7,7,7,7,7,7,7,7,6,7,7,6,6,7,7,7,7,1,2,1,1,2,2,2,3
743,6,7,7,6,6,7,6,6,7,7,7,7,6,7,7,7,7,7,7,6,7,7,7,7,1,1,1,1,1,1,2,2
744,7,7,7,7,6,7,6,7,7,7,7,7,7,7,7,7,7,7,7,7,7,7,7,7,1,1,1,1,1,1,1,2
745,6,4,4,6,5,4,5,5,5,5,4,5,5,5,6,6,5,5,5,4,4,4,4,4,2,4,3,3,2,1,2,1
746,7,7,7,7,6,7,7,7,7,7,7,7,7,7,7,7,7,7,7,7,7,7,7,7,1,1,1,1,1,2,2,2
747,6,7,6,7,1,2,2,3,6,6,6,6,7,6,7,6,6,6,7,6,7,7,6,6,1,3,1,1,1,2,2,3
748,7,7,7,7,6,7,6,6,7,7,7,7,7,7,7,7,7,7,7,7,7,7,7,7,1,1,1,1,1,2,2,1
749,6,7,7,7,1,1,1,1,7,6,7,6,7,7,6,6,6,6,6,7,7,7,6,6,1,1,1,2,1,2,2,3
750,7,7,7,7,1,1,1,1,6,7,7,7,6,7,6,7,7,6,7,7,6,6,7,6,1,1,1,1,1,2,2,3
751,7,6,7,7,1,1,1,1,6,7,6,6,7,7,6,7,7,7,7,6,7,7,6,7,2,1,1,2,1,2,3,3
752,7,6,6,6,1,1,1,1,6,7,7,7,6,7,6,7,7,7,7,6,6,7,6,7,2,1,2,2,1,2,2,3
753,2,6,6,6,7,5,7,7,7,7,7,6,1,1,1,1,7,7,5,5,3,5,4,4,1,1,1,1,1,1,2,3
754,6,7,6,7,1,1,1,1,6,7,7,7,7,6,7,6,7,7,6,7,6,6,6,7,2,2,1,2,1,2,2,3
755,7,7,7,7,7,7,7,7,7,7,7,7,7,7,7,7,7,7,7,7,7,7,7,7,1,1,1,1,2,1,3,1
756,6,7,6,7,1,3,2,3,6,6,5,5,6,7,6,7,7,7,5,7,6,6,7,7,3,1,1,2,1,2,2,3
757,7,6,7,6,1,2,3,2,6,6,6,6,7,6,7,6,6,7,6,6,7,7,6,6,2,2,3,3,1,2,2,3
758,7,7,7,7,6,7,6,7,7,7,7,7,7,7,7,7,7,7,7,7,7,7,7,7,1,1,1,1,1,2,1,2
759,5,6,5,5,5,5,6,6,5,4,5,5,5,5,6,4,5,6,5,6,6,6,5,5,2,3,3,3,1,1,2,2
760,6,7,5,6,1,2,3,3,6,5,6,6,6,6,7,6,6,6,6,7,6,7,6,6,1,3,2,2,1,2,2,3
761,7,7,7,7,6,7,6,6,7,7,7,7,7,7,7,7,7,7,7,7,7,7,7,7,1,1,1,1,1,2,1,2
762,7,6,7,7,1,3,2,2,7,6,6,6,6,7,6,7,7,7,5,7,6,6,7,6,1,2,2,2,1,2,2,3
763,7,7,7,7,4,3,2,3,7,7,7,7,7,7,7,7,7,7,7,7,6,6,5,5,1,1,1,1,2,1,2,1
764,3,5,4,5,5,6,5,6,5,6,7,5,5,7,5,7,7,7,6,6,7,7,5,7,2,3,1,3,2,3,2,1
765,7,7,7,7,5,7,7,6,7,7,7,7,7,7,7,6,6,7,7,6,5,5,5,5,1,1,1,1,1,1,2,2
766,7,7,7,7,5,5,5,5,7,7,7,7,7,7,7,7,7,7,7,7,5,6,6,4,1,1,1,1,2,2,2,1
767,7,7,7,7,7,7,7,7,7,7,7,7,7,7,7,7,7,7,7,7,7,7,7,7,1,1,1,1,1,1,1,1
768,7,7,7,7,7,7,7,7,7,7,7,7,7,7,7,7,7,7,7,7,7,7,7,7,1,1,1,1,1,2,2,1
769,6,6,6,6,5,5,2,4,6,6,6,6,5,5,5,6,6,5,5,6,4,5,3,3,1,1,1,1,1,1,3,3
770,7,7,7,7,7,7,7,7,7,7,7,7,7,7,7,7,7,7,7,7,7,7,7,7,1,1,1,1,1,2,2,1
771,7,7,7,7,1,1,1,1,7,7,7,7,7,7,7,7,7,7,7,7,1,4,4,4,1,3,1,1,2,1,1,1
772,6,6,7,7,6,6,6,6,5,6,5,6,6,5,7,7,7,6,7,6,5,6,7,6,3,2,2,1,2,2,2,2
773,6,7,6,6,6,6,5,5,6,5,5,5,6,5,6,5,5,5,6,6,6,6,5,5,3,2,2,3,1,2,3,3
774,7,7,7,7,1,1,1,1,7,7,7,7,7,7,7,7,7,7,7,7,7,7,7,7,1,1,1,1,1,1,2,2
775,5,7,7,6,6,6,6,5,5,5,5,5,6,7,7,7,7,5,5,6,5,6,6,5,1,1,2,2,1,2,3,3
776,6,6,5,6,6,6,7,7,6,5,7,6,6,7,5,6,6,5,6,6,7,6,6,7,2,2,2,3,1,1,2,2
777,7,7,7,7,5,6,5,5,7,7,7,7,7,7,7,7,7,7,7,7,7,7,7,7,1,1,1,1,2,1,2,1
778,6,7,7,7,5,6,7,7,7,6,5,5,6,7,7,7,7,6,7,6,6,6,7,7,1,2,2,1,2,2,3,3
779,6,5,5,6,5,7,6,6,7,5,6,5,7,5,6,6,5,5,6,4,6,7,5,7,2,1,3,2,1,2,2,2
780,7,7,6,6,7,7,6,7,6,7,7,6,7,6,7,6,7,6,7,7,6,6,7,6,1,1,2,1,2,2,2,3
781,7,7,6,7,7,7,7,6,7,7,7,7,6,6,7,7,7,6,6,7,7,7,6,7,1,2,1,1,2,2,2,3
782,6,6,7,6,1,3,2,3,6,6,6,7,6,7,6,7,7,7,6,7,6,6,7,7,3,1,2,2,1,2,2,3
783,6,7,6,6,1,3,1,3,6,7,6,6,7,6,7,7,7,7,6,6,6,6,7,7,2,1,1,2,1,2,2,3
784,7,6,5,7,5,6,5,6,7,7,6,7,7,7,6,6,7,6,7,7,5,7,7,4,2,2,2,1,2,1,3,1
785,7,6,7,6,1,3,2,3,7,6,6,6,6,7,6,7,7,7,6,7,6,6,7,7,2,1,1,1,1,2,2,3
786,6,6,6,6,5,4,5,5,6,6,6,6,6,6,7,5,6,6,7,6,4,6,6,6,2,1,1,1,1,2,1,1
787,6,7,6,7,1,3,2,3,7,6,6,6,7,6,7,6,6,6,7,6,7,7,6,6,2,1,1,1,1,2,2,3
788,6,7,6,7,1,1,3,3,6,6,6,6,6,7,6,6,6,6,6,7,6,6,6,6,1,2,2,2,1,2,2,3
789,6,7,6,6,1,2,3,2,6,6,6,6,7,6,7,6,6,6,7,6,7,7,6,6,2,1,1,1,1,2,2,3
790,7,6,7,7,1,2,3,3,7,6,6,6,7,6,6,7,7,7,6,7,7,7,6,5,1,2,2,2,1,2,2,3
791,5,5,5,7,5,5,3,5,5,7,7,7,7,4,7,7,7,7,7,5,4,6,3,3,1,2,2,2,2,1,2,2
792,6,6,6,6,7,6,6,6,6,6,6,6,6,6,6,6,7,6,6,6,7,6,5,6,2,2,2,1,2,1,2,2
793,7,7,7,7,7,7,7,7,7,7,7,7,7,7,7,7,7,7,7,7,7,7,7,7,1,1,1,1,2,1,2,1
794,6,6,6,6,5,6,5,2,2,5,6,6,6,6,6,6,6,6,6,6,4,6,4,4,2,2,2,2,2,1,2,1
795,5,2,3,3,6,6,5,6,4,5,6,6,4,5,5,5,6,6,6,6,6,6,6,6,2,2,2,2,2,1,2,2
796,7,7,7,7,5,6,5,4,7,7,7,7,7,7,7,7,7,7,7,7,7,7,7,7,1,1,1,1,1,1,2,2
797,7,7,7,7,6,7,7,7,7,6,6,6,6,6,7,7,7,7,7,7,7,6,6,6,3,2,3,2,2,1,3,1
798,7,7,7,6,6,7,5,7,7,7,7,7,6,5,6,7,7,7,7,5,7,7,6,3,1,1,1,1,2,1,2,1
799,5,6,6,7,6,6,6,6,6,6,5,5,5,5,5,5,7,7,7,3,3,5,5,2,2,1,1,1,2,1,2,2
800,6,6,5,6,6,6,5,5,5,6,6,6,5,4,5,5,5,6,5,7,5,5,6,6,2,3,3,2,1,1,2,2
801,7,6,7,6,6,6,7,6,6,7,6,6,6,6,6,7,7,7,7,6,7,6,7,7,1,2,1,1,1,1,2,2
802,7,4,6,4,4,4,5,7,6,4,6,6,6,6,6,6,7,6,6,4,4,7,6,6,2,2,2,2,1,2,2,2
803,6,7,5,7,2,1,2,1,7,6,7,7,7,6,7,5,7,7,7,5,6,6,7,5,1,2,1,1,1,1,2,3
804,7,7,7,7,1,1,1,1,7,7,7,7,7,7,7,7,7,7,7,7,7,7,7,7,1,1,1,1,2,1,2,2
805,6,6,6,6,1,1,1,1,6,5,5,5,6,5,5,6,6,5,6,6,6,6,6,6,3,2,2,2,1,1,2,2
806,4,4,4,3,5,5,4,4,6,4,4,5,3,4,3,4,2,2,4,3,5,5,5,6,4,2,4,4,2,2,2,3
807,6,7,6,7,7,6,6,2,6,6,6,6,6,7,6,7,6,6,7,6,6,6,6,6,2,1,2,2,2,1,2,3
808,6,7,5,7,4,6,7,5,7,6,7,7,7,7,6,7,7,7,6,7,5,7,5,4,2,1,2,3,1,2,2,3
809,7,7,7,7,3,4,3,3,7,6,7,7,7,7,7,7,7,7,7,7,7,7,7,7,1,1,1,1,2,1,2,2
810,7,6,7,7,7,6,6,7,5,6,5,3,7,7,7,7,6,5,6,7,5,5,3,3,1,1,2,1,1,1,2,2
811,7,6,5,7,2,1,2,1,7,6,7,7,7,6,7,6,7,7,7,5,7,7,6,5,1,2,1,1,2,1,2,3
812,6,5,6,6,5,5,4,4,4,4,4,6,6,5,5,6,5,5,5,5,5,5,5,5,1,2,2,2,2,1,2,1
813,5,6,6,5,6,4,6,6,6,7,5,5,6,5,5,4,6,5,6,7,6,6,5,5,1,2,2,2,1,3,2,3
814,6,5,6,5,7,4,6,6,6,7,5,5,6,5,6,4,6,5,6,7,6,6,6,5,1,2,2,2,1,3,2,3
815,7,7,7,7,5,6,5,2,7,7,7,7,7,7,7,7,7,7,7,7,5,6,5,4,1,1,1,1,2,1,3,3
816,7,7,7,7,5,5,5,3,6,7,7,7,7,7,7,6,7,7,7,7,5,6,5,4,1,1,1,1,1,1,3,3
817,5,5,5,5,5,4,4,4,5,5,5,5,5,5,5,5,5,5,5,5,5,5,5,5,3,3,3,3,1,1,1,2
818,6,6,7,6,2,2,2,3,6,6,6,5,6,7,6,6,7,6,7,6,7,6,5,6,1,2,3,2,1,1,2,2
819,4,7,5,5,2,1,2,1,6,7,6,5,7,6,7,5,7,7,7,6,7,6,7,6,1,2,3,1,1,2,3,2
820,6,6,7,6,2,4,2,3,6,6,6,6,6,7,6,6,6,7,6,6,5,5,6,7,3,2,1,3,1,1,2,1
821,7,6,7,6,3,4,2,3,6,7,7,7,6,7,6,7,7,7,6,7,7,6,7,7,1,2,1,2,1,1,2,1
822,7,7,7,7,5,7,2,4,7,7,7,7,7,7,7,7,7,7,7,7,5,7,4,5,1,1,1,1,2,1,2,2
823,6,5,7,6,2,2,3,3,7,5,6,5,7,5,6,7,5,6,5,7,6,4,5,6,2,1,2,3,1,2,3,2
824,6,7,6,7,2,3,1,3,7,6,6,6,7,6,7,6,6,6,7,6,7,7,6,6,1,1,1,1,2,1,2,2
825,4,6,7,7,2,2,1,1,7,6,5,6,7,6,5,7,5,7,6,6,7,6,5,7,2,1,2,3,2,2,3,1
826,6,7,6,6,2,4,3,2,6,6,5,6,5,6,6,5,6,6,6,5,6,5,6,6,2,3,2,2,1,1,2,2
827,7,6,7,7,6,5,5,4,7,6,5,6,5,6,5,6,7,6,7,5,5,6,7,6,1,3,2,2,1,2,2,3
828,6,5,7,5,5,5,7,5,6,5,5,4,6,7,6,4,5,6,7,5,6,7,6,5,1,1,3,3,1,2,2,3
829,6,5,6,6,4,3,6,5,3,6,6,7,6,5,6,5,7,5,7,6,5,6,5,6,1,2,2,1,1,1,2,2
830,6,6,5,7,4,5,2,3,6,5,6,6,5,7,6,5,7,7,6,5,6,6,5,5,2,1,3,1,1,1,2,2
831,7,6,7,7,7,6,7,7,7,6,7,7,7,6,7,7,7,6,7,7,7,7,7,6,1,1,1,1,1,1,2,3
832,7,5,6,7,2,2,3,2,7,6,6,6,7,6,7,6,6,6,7,6,5,5,6,5,1,2,1,1,1,1,2,1
833,7,5,6,7,2,2,3,1,7,6,6,7,6,7,6,7,7,7,6,7,5,7,5,5,1,2,2,1,1,2,2,1
834,6,6,6,6,6,6,6,6,6,6,6,6,5,5,5,4,5,5,6,4,4,6,6,5,1,1,1,3,2,1,2,1
835,6,7,6,7,3,4,2,3,6,5,6,6,7,6,5,6,5,6,5,7,6,6,5,7,2,3,2,1,1,1,2,2
836,7,5,6,6,7,5,6,6,7,5,7,5,7,7,6,5,6,7,6,5,6,5,6,7,2,3,2,1,1,2,2,3
837,7,6,7,6,7,6,7,7,7,6,6,7,6,7,6,6,6,6,7,6,7,6,7,7,2,1,1,2,2,1,2,2
838,6,5,7,5,6,7,6,6,5,7,5,7,5,6,5,6,5,7,5,6,6,6,7,5,1,1,2,1,2,2,2,2
839,7,6,5,6,3,3,2,3,7,5,7,7,6,5,6,5,7,5,6,7,6,6,6,6,1,2,2,2,1,1,3,2
840,6,6,7,6,5,6,7,7,6,6,6,7,6,5,6,7,6,7,6,5,6,6,6,7,3,2,1,2,1,2,2,3
841,6,6,6,7,6,6,6,6,6,7,6,6,7,6,7,5,7,6,6,5,7,6,5,6,1,2,1,1,1,2,2,3
842,6,7,7,5,6,7,6,6,7,7,6,7,7,7,5,6,7,6,7,7,7,6,7,6,1,2,1,1,2,1,2,2
843,7,7,7,7,7,7,7,7,7,7,7,7,7,7,7,7,7,7,7,7,6,7,7,6,1,1,1,1,1,2,2,3
844,6,7,6,7,2,3,2,1,6,6,7,6,6,7,6,7,6,6,7,7,7,6,7,6,2,2,1,1,1,2,2,3
845,7,7,7,7,7,7,7,7,7,7,7,7,7,7,7,7,7,7,7,7,7,7,7,7,2,1,2,1,1,2,2,3
846,6,5,6,7,3,3,2,1,6,5,7,5,5,6,7,6,7,5,6,7,6,5,6,6,1,2,2,2,1,1,2,2
847,7,5,6,7,5,2,3,2,6,7,7,7,6,7,6,7,6,6,7,6,7,6,6,4,1,2,2,1,2,2,2,2
848,7,7,7,7,7,7,7,6,7,7,6,6,7,7,6,7,7,7,7,6,7,6,7,7,1,1,1,1,1,2,2,3
849,6,7,7,6,7,6,7,7,7,7,7,7,7,7,7,6,7,7,7,6,7,7,7,7,1,1,1,1,1,2,2,3
850,6,7,7,6,1,1,3,2,7,6,7,6,7,7,6,5,5,7,7,6,6,6,6,7,3,2,1,2,2,2,2,3
851,7,7,7,7,3,1,2,2,6,7,6,7,7,6,6,6,7,6,6,5,7,7,6,5,2,1,2,1,2,1,3,3
852,5,7,6,7,3,2,1,2,6,7,6,7,6,5,5,6,6,6,7,7,7,6,7,6,3,2,1,2,1,3,1,3
853,7,7,5,7,2,1,3,3,6,7,6,5,7,6,6,5,5,7,6,5,6,7,6,6,1,1,2,1,2,1,2,3
854,7,7,7,7,7,7,7,5,7,7,7,7,7,7,7,6,7,7,7,7,7,7,7,6,1,1,1,1,1,1,2,2
855,5,6,7,6,3,3,3,1,5,7,6,6,6,7,6,5,6,7,6,5,7,7,6,6,2,1,2,2,2,3,1,3
856,7,6,5,7,3,2,2,1,6,7,6,7,7,7,7,5,5,7,6,7,7,7,6,6,2,1,3,1,1,2,2,3
857,7,7,7,7,6,7,5,5,7,7,7,7,7,7,7,7,6,7,7,7,7,7,7,7,1,1,1,1,1,2,2,3
858,6,6,7,6,2,1,1,2,5,7,5,7,6,5,6,7,6,7,7,6,5,7,6,7,1,1,2,2,2,3,1,3
859,7,7,7,7,6,7,7,7,7,7,6,7,7,7,7,7,7,7,7,7,7,7,7,7,1,1,1,1,1,2,2,3
860,6,5,7,6,3,3,2,1,6,7,5,6,5,6,6,5,5,7,5,6,6,6,5,7,3,2,2,2,2,1,2,3
861,7,6,7,6,6,6,6,7,7,7,7,7,7,7,7,7,7,7,6,7,7,7,7,7,1,2,1,1,1,1,2,2
862,5,6,5,6,3,3,2,3,6,5,7,5,5,6,6,5,6,6,7,6,5,5,6,6,3,2,2,2,1,1,3,3
863,7,7,7,7,7,7,7,7,7,7,7,7,7,7,7,7,7,7,7,7,7,7,7,7,1,1,1,1,2,1,1,1
864,6,5,5,6,3,2,1,2,5,7,5,7,7,5,6,7,7,5,6,7,7,6,7,6,2,2,2,1,2,2,2,3
865,7,7,6,5,2,2,1,2,5,7,6,6,7,7,6,6,7,6,7,7,7,6,7,6,2,1,1,2,2,2,2,3
866,5,7,6,6,2,2,1,1,6,7,5,6,7,6,6,7,6,7,6,5,7,6,6,5,1,1,2,1,2,3,1,2
867,7,6,6,6,3,3,3,1,6,7,6,6,7,7,6,7,7,6,6,7,7,6,7,6,2,3,1,3,2,2,2,3
868,5,7,6,7,1,3,2,3,6,5,7,5,6,7,6,7,6,6,5,6,6,5,6,5,2,3,1,2,1,1,3,2
869,7,7,7,7,6,7,7,5,7,7,7,6,7,7,6,7,7,7,7,7,7,7,7,7,1,1,1,1,1,2,2,3
870,7,7,6,7,7,7,6,6,7,7,7,7,7,6,7,7,7,6,7,7,6,7,7,6,1,1,1,1,1,1,2,2
871,7,6,7,7,7,6,7,6,7,7,7,7,7,7,7,7,7,7,7,6,7,7,7,7,1,2,1,1,1,1,2,2
872,5,6,7,6,1,3,3,2,7,5,7,5,6,5,6,7,7,5,6,7,5,7,6,5,2,1,3,2,1,2,3,3
873,7,6,6,7,2,3,3,2,6,7,5,7,7,6,6,7,6,7,6,6,7,6,5,7,2,1,2,1,2,2,3,3
874,6,5,6,5,3,3,2,1,6,5,7,7,6,5,6,7,7,6,5,6,6,6,7,5,2,1,1,2,2,1,3,2
875,5,5,6,5,2,2,2,2,5,5,5,5,5,5,6,6,5,5,7,5,4,3,4,4,3,3,3,1,2,1,2,2
876,7,5,6,6,3,2,2,1,5,7,6,6,5,7,6,6,7,5,7,6,6,7,6,6,3,1,3,2,2,2,1,3
877,5,6,7,5,2,2,1,2,7,6,7,6,6,7,6,5,6,6,6,7,7,5,7,7,2,3,1,2,2,2,2,3
878,5,7,5,7,3,2,1,2,6,7,5,7,5,6,6,5,6,7,6,5,7,5,5,7,2,2,1,2,2,2,2,2
879,6,6,5,6,3,2,2,2,6,7,6,6,5,6,7,7,6,7,7,6,5,7,7,5,3,1,2,2,2,2,3,3
880,6,5,6,6,3,3,1,2,6,7,5,7,6,5,6,7,7,5,6,7,6,6,5,7,2,3,1,2,1,1,3,2
881,5,6,7,5,3,3,2,3,6,7,5,7,6,5,6,7,5,5,6,7,7,6,5,6,3,2,2,2,1,1,3,3
882,7,6,7,7,6,6,6,6,7,7,7,6,7,7,7,7,6,7,7,7,6,7,7,6,1,1,1,1,1,2,2,3
883,6,7,7,7,6,7,6,6,7,7,6,7,7,6,7,7,6,7,7,7,7,6,7,7,1,1,1,1,1,1,2,2
884,6,7,7,6,3,2,1,2,6,7,5,7,6,5,5,7,6,7,6,5,6,6,7,6,3,2,1,1,2,2,3,3
885,6,6,7,5,3,2,2,1,5,7,5,7,7,6,6,6,7,7,6,5,7,6,6,5,2,1,3,2,2,2,2,3
886,7,6,6,6,2,2,2,1,5,7,6,6,6,5,7,6,7,5,6,7,7,6,5,6,3,1,2,1,1,3,2,3
887,6,6,7,6,6,7,6,7,7,7,7,7,7,7,7,7,7,7,7,7,7,7,7,7,1,1,1,1,1,2,2,3
888,7,7,7,6,7,6,7,7,6,7,7,7,7,6,7,7,7,7,7,6,7,6,6,6,1,1,1,1,1,1,2,2
889,6,7,6,6,3,2,2,1,6,7,5,7,7,6,5,6,7,5,6,7,6,7,6,7,1,2,1,2,2,2,2,3
890,7,7,6,7,2,1,1,2,6,5,6,7,6,6,5,7,7,5,5,7,6,5,6,7,3,1,1,1,2,2,3,3
891,7,7,7,7,7,6,7,7,7,6,7,7,6,7,7,7,7,6,7,7,7,7,6,7,2,1,1,1,2,1,2,2
892,7,7,7,7,7,7,7,7,7,7,7,7,7,7,7,7,7,7,7,7,7,7,7,7,1,1,1,1,2,1,2,2
893,6,7,6,6,3,2,3,2,7,6,7,6,7,6,7,6,6,7,6,7,5,7,6,7,1,2,1,2,1,1,2,2
894,6,7,7,6,6,7,7,6,7,7,6,7,7,7,7,6,7,6,7,7,7,7,7,7,1,1,1,1,1,2,2,3
895,7,7,7,7,4,3,4,4,3,6,7,7,7,7,7,7,7,7,7,7,7,7,7,7,1,1,1,1,2,1,2,1
896,6,5,6,6,2,2,1,2,6,7,7,7,7,6,5,6,7,5,6,7,7,5,6,6,2,1,2,2,1,2,2,3
897,5,6,5,6,3,3,2,3,6,7,5,5,7,6,5,7,6,6,7,6,5,6,5,5,2,1,3,2,1,1,2,2
898,7,5,6,6,1,1,1,2,7,6,6,6,7,6,7,6,7,7,6,6,7,6,5,7,1,2,2,1,1,1,2,3
899,6,7,7,7,7,7,6,6,7,7,7,7,6,7,7,7,7,6,7,6,7,7,7,7,1,1,1,1,1,2,2,3
900,6,5,6,7,5,3,2,3,7,6,6,6,7,6,7,6,7,7,6,5,5,6,5,5,1,2,2,2,1,2,3,2
901,7,6,5,6,6,7,5,2,6,6,6,7,6,6,6,5,6,7,5,6,1,6,6,4,2,2,2,2,1,2,3,2
902,6,7,7,6,6,7,7,6,7,7,7,7,6,7,7,7,7,7,7,6,7,7,7,7,1,2,1,1,1,1,2,3
903,6,6,7,7,1,1,2,1,7,6,7,6,7,7,6,6,7,7,7,6,7,5,6,6,1,1,1,2,2,1,2,2
904,7,6,6,7,2,1,2,1,7,7,7,6,6,7,7,6,7,6,7,7,6,7,6,6,1,1,1,2,2,1,2,2
905,5,6,5,6,5,3,3,5,7,5,5,6,7,6,6,7,6,5,7,6,5,6,6,5,2,2,3,3,2,1,2,2
906,4,5,4,5,6,5,3,4,6,5,4,4,5,6,6,5,5,4,6,5,6,6,4,5,3,5,3,3,1,3,2,3
907,5,5,5,6,2,5,4,5,4,4,5,6,5,6,5,5,5,5,6,5,5,4,4,5,4,3,3,3,1,1,2,2
908,6,5,4,5,5,5,3,4,5,6,5,5,4,5,4,4,6,5,4,5,4,4,5,5,2,3,3,3,1,2,2,2
909,6,6,5,6,5,3,2,3,6,7,5,6,6,6,6,6,6,6,7,5,6,5,7,6,3,2,2,2,1,2,2,2
910,7,5,7,7,6,5,7,5,6,7,7,6,7,7,6,6,5,5,7,6,6,5,7,7,3,2,3,3,2,2,2,2
911,6,6,6,5,4,5,4,5,5,5,5,6,5,5,5,4,6,5,6,5,6,6,5,4,3,3,2,2,2,1,2,1
912,6,7,6,7,5,7,7,6,6,6,7,6,7,6,6,6,6,6,6,6,6,6,6,7,2,2,2,2,1,2,2,2
913,6,6,5,6,4,5,6,2,6,5,5,6,6,5,6,5,6,6,7,5,6,6,5,6,2,2,2,3,1,2,2,2
914,7,7,7,7,5,5,2,6,7,7,7,7,7,7,7,7,7,7,6,6,4,6,4,4,1,1,2,1,1,1,3,2
915,6,7,6,7,6,6,7,6,7,6,6,6,7,6,7,6,6,6,7,7,6,6,7,7,2,1,2,2,2,2,1,1
916,5,6,6,6,5,4,3,2,5,6,6,6,6,7,6,7,6,7,6,5,3,6,3,4,1,1,1,2,1,2,2,2
917,6,7,6,7,6,6,7,6,7,6,7,7,7,6,7,6,6,6,7,6,7,6,6,6,1,2,1,1,1,3,2,3
918,7,7,7,7,6,6,7,7,7,6,6,7,6,7,6,7,7,6,7,6,6,6,7,7,2,1,1,1,1,3,2,3
919,6,7,6,7,3,3,1,2,6,7,7,6,7,6,7,6,7,7,6,6,7,7,6,6,1,2,1,1,1,2,2,3
920,6,7,6,7,7,7,7,6,6,7,7,7,6,7,6,7,7,7,6,7,6,6,7,7,2,1,1,1,2,2,2,1
921,4,6,4,6,7,6,4,5,6,4,6,6,4,6,5,4,5,7,4,7,4,6,5,6,3,4,4,4,1,2,1,1
922,7,7,6,7,6,6,7,6,6,7,7,7,6,7,6,7,6,7,6,7,7,7,6,6,1,2,2,2,2,2,1,1
923,6,6,5,6,2,2,2,3,5,5,6,6,6,6,6,6,7,7,7,7,6,5,4,2,1,3,1,1,2,2,2,2
924,7,6,7,6,7,6,7,6,7,7,6,6,7,6,7,6,6,6,6,7,7,7,6,6,1,2,2,2,1,2,2,1
925,7,7,6,7,7,5,1,6,6,6,6,6,7,7,7,6,6,7,7,7,7,7,6,6,1,1,1,1,2,1,2,1
926,6,6,6,7,1,2,1,3,7,7,7,7,7,7,7,6,7,7,7,7,5,4,6,6,1,3,1,1,1,2,2,2
927,6,7,6,7,2,1,1,1,7,6,6,7,6,7,6,7,7,7,6,7,6,6,7,7,1,2,2,2,2,2,2,3
928,4,6,6,4,5,7,5,6,7,5,4,6,7,7,5,6,5,4,5,6,5,7,4,5,3,1,3,1,2,2,2,2
929,6,7,6,7,6,6,7,6,7,6,6,6,6,7,6,7,7,7,6,7,6,6,7,7,2,2,2,1,2,2,1,1
930,7,7,7,7,7,7,7,7,7,7,7,6,7,7,7,7,6,7,7,7,7,7,6,7,1,2,1,1,1,2,2,2
931,5,7,5,7,5,5,5,7,4,6,6,7,4,5,5,6,6,6,6,5,4,5,6,6,2,1,4,1,2,2,2,2
932,6,6,7,6,7,2,1,1,6,6,7,6,6,6,6,7,6,7,6,6,6,7,7,7,1,1,1,1,2,1,2,2
933,7,6,7,6,7,7,6,7,6,7,7,7,6,7,6,7,7,7,6,7,7,7,6,6,1,2,2,2,1,3,2,3
934,7,7,6,7,6,7,6,7,6,7,6,6,7,6,7,6,6,6,7,6,7,7,6,6,1,2,2,2,2,1,2,1
935,7,6,7,6,6,6,7,6,7,7,7,7,6,7,6,7,7,6,7,6,7,7,7,7,2,1,1,1,1,3,2,3
936,6,7,6,6,7,6,7,7,6,6,6,6,6,7,6,6,6,6,7,5,7,6,7,6,2,1,1,2,1,2,1,2
937,6,5,7,7,6,7,6,7,5,7,6,5,6,7,7,5,5,6,7,6,7,7,6,6,1,3,1,2,1,2,2,2
938,6,6,6,6,5,3,6,3,6,5,5,5,6,5,6,5,6,6,5,6,5,5,6,6,2,2,2,2,2,2,2,2
939,7,7,7,7,1,2,2,3,6,7,7,6,7,7,7,7,6,6,6,6,6,6,5,6,2,2,2,1,2,1,1,1
940,7,6,5,4,7,6,5,5,7,5,5,6,5,6,4,5,7,5,6,7,5,7,5,6,1,3,4,3,2,2,2,2
941,6,6,6,6,6,6,6,7,6,7,6,6,7,7,6,7,7,6,6,6,6,7,6,7,2,2,2,2,1,3,2,2
942,7,6,6,7,1,2,1,2,7,6,6,7,6,7,6,6,6,6,6,6,6,7,6,6,2,2,2,2,2,1,2,3
943,4,6,7,6,4,5,6,4,6,7,5,7,5,5,6,4,7,4,6,7,5,6,7,7,3,3,2,1,2,1,2,2
944,6,7,6,7,6,6,7,6,7,7,7,7,6,7,6,7,7,7,6,7,6,6,7,7,1,2,2,2,2,2,2,1
945,6,7,7,7,7,7,7,7,7,7,7,7,7,7,7,7,7,7,7,7,7,6,7,7,1,2,2,1,2,2,2,1
946,7,7,7,7,1,1,1,1,7,7,7,7,7,7,7,7,7,7,7,7,7,5,5,6,1,1,1,1,2,2,1,1
947,6,4,5,3,5,4,3,6,6,4,6,5,7,5,4,5,5,6,6,5,3,6,5,6,1,2,5,2,2,2,1,2
948,6,5,6,5,6,6,5,5,6,5,6,6,6,7,7,6,6,5,7,6,5,7,6,6,2,1,2,1,2,2,2,2
949,6,6,7,7,2,3,3,4,6,6,6,7,6,6,7,6,6,7,7,6,5,6,6,4,1,2,2,1,2,2,3,3
950,6,7,6,6,2,1,1,1,6,7,6,6,7,6,7,6,7,6,7,7,6,6,7,7,2,1,1,1,2,2,2,3
951,6,7,5,5,6,7,6,7,6,6,7,6,7,7,7,7,7,6,6,7,6,6,7,6,1,1,1,1,1,2,2,1
952,6,7,6,7,6,6,7,6,7,6,6,6,6,7,6,7,7,7,6,7,6,6,7,7,1,2,2,2,2,2,1,1
953,6,6,6,5,6,3,5,3,6,6,5,6,6,5,6,5,6,6,5,6,6,6,5,6,2,3,2,3,1,2,3,2
954,6,7,6,7,6,6,7,6,7,7,7,7,6,7,6,7,7,7,6,7,6,6,7,7,2,1,1,1,2,3,3,2
955,7,6,7,7,7,6,7,6,7,6,6,6,7,6,7,6,6,6,7,7,6,6,7,7,2,1,1,1,2,2,1,1
956,6,7,5,5,5,1,2,1,6,7,6,5,6,7,5,6,7,6,7,5,7,7,5,7,2,1,2,3,2,2,2,3
957,7,6,6,7,6,6,2,5,6,6,6,6,6,6,6,6,7,6,6,6,5,6,5,2,1,2,2,2,2,2,2,2
958,7,6,7,7,6,2,4,2,7,7,7,6,7,7,6,6,7,6,6,7,6,7,6,7,2,2,1,1,2,1,2,2
959,5,4,6,6,5,6,4,5,6,5,6,5,5,5,6,5,5,4,6,5,5,6,4,5,3,2,2,2,1,1,2,2
960,6,7,6,7,7,6,6,6,6,6,6,6,7,6,6,6,6,6,6,6,6,6,6,7,1,2,2,2,2,2,2,2
961,5,5,4,3,5,6,3,5,5,3,4,3,5,3,6,4,4,5,4,3,4,4,6,5,5,3,2,5,1,1,2,1
962,7,7,7,7,7,7,7,7,7,7,7,7,7,6,7,7,7,6,7,7,7,7,7,7,2,1,1,1,2,2,2,2
963,6,7,6,6,6,6,7,6,7,6,6,7,6,7,7,6,7,7,6,6,7,7,7,6,1,1,2,1,1,3,2,3
964,6,7,6,6,7,7,6,7,6,7,7,7,6,7,6,7,7,7,6,7,6,7,6,6,1,2,2,2,2,2,1,1
965,7,7,7,7,3,7,4,2,7,7,7,7,7,7,7,7,7,7,7,7,6,6,6,5,1,1,1,1,1,2,2,2
966,7,7,7,7,6,6,6,6,7,6,7,5,7,6,6,7,6,7,6,6,7,6,5,6,2,2,2,2,1,2,2,2
967,7,6,7,7,6,6,7,7,6,7,7,7,6,7,6,7,6,7,6,7,6,7,6,6,1,1,1,1,1,3,2,3
968,7,6,7,6,6,6,7,7,6,7,6,6,7,6,7,6,7,7,7,6,6,6,7,7,1,2,1,2,1,2,1,2
969,6,7,6,7,7,7,6,7,6,7,7,7,6,7,6,7,7,7,6,7,6,7,6,6,1,2,2,2,2,1,2,1
970,5,7,5,7,7,3,5,6,7,6,6,7,6,5,7,7,7,5,7,6,5,5,6,7,3,2,1,3,1,1,2,2
971,7,6,5,5,7,4,5,7,5,7,4,7,6,4,6,5,5,5,5,7,7,4,6,4,2,1,4,3,2,2,2,2
972,7,7,7,7,1,2,3,2,6,7,7,6,6,6,6,7,6,6,6,6,6,6,5,6,2,1,2,1,1,2,1,2
973,6,7,5,5,7,7,5,4,6,5,5,6,7,5,6,4,5,7,5,4,6,7,6,6,3,4,1,1,2,3,2,2
974,6,6,4,6,5,6,5,5,6,4,5,4,6,5,6,5,5,4,5,6,5,4,6,6,4,2,2,2,1,2,2,2
975,5,6,5,6,6,6,5,4,6,5,7,5,7,5,7,5,4,6,5,5,7,5,6,6,4,2,3,3,2,2,2,3
976,6,5,6,6,6,6,6,5,6,6,5,5,6,5,6,5,5,5,5,6,5,5,6,5,2,3,3,3,2,2,2,2
977,6,7,6,7,6,6,7,6,7,5,6,5,7,5,6,7,6,6,7,6,7,5,6,6,1,2,2,2,2,1,2,2
978,6,4,6,7,6,5,4,5,6,4,6,5,6,5,7,6,5,5,4,5,6,5,6,4,2,3,2,2,2,3,2,3
979,6,4,6,5,7,6,4,6,5,6,6,6,4,6,5,4,4,4,6,5,4,4,6,6,2,4,4,3,1,2,1,1
980,6,7,6,6,7,7,6,7,6,6,7,6,6,6,7,6,7,6,6,6,6,6,6,5,2,1,2,1,1,2,2,3
981,3,5,5,4,4,3,5,6,5,6,5,6,6,6,5,6,5,5,6,6,6,5,5,5,3,2,3,2,1,1,2,3
982,6,7,7,6,7,5,5,6,5,6,5,6,6,5,6,5,6,5,6,7,7,7,6,6,2,2,1,1,2,2,2,1
983,7,7,6,6,4,6,4,3,7,6,7,5,6,7,6,6,5,6,5,6,7,5,6,7,2,2,2,2,1,1,2,2
984,6,7,6,7,6,7,6,7,6,7,6,6,7,6,7,7,7,6,7,6,7,7,6,6,1,1,1,1,1,3,2,3
985,6,5,4,6,6,5,4,6,6,6,5,7,7,5,6,5,5,6,6,7,6,6,6,5,2,1,3,1,1,2,2,3
986,6,7,6,6,7,7,6,7,6,7,7,7,6,7,6,7,6,6,7,6,7,7,7,7,2,1,1,2,2,2,1,1
987,6,7,5,5,6,1,2,1,6,5,7,6,7,5,6,7,5,7,6,7,5,7,5,7,3,2,3,1,2,2,2,3
988,7,6,7,6,7,7,6,7,6,7,7,7,7,7,6,6,6,6,7,6,7,7,6,6,1,2,1,1,1,1,3,2
989,7,7,7,7,7,7,7,7,7,7,7,7,7,7,7,7,7,7,7,7,7,7,7,7,1,1,1,1,1,1,2,1
990,6,6,7,5,6,7,5,6,5,6,6,6,5,7,6,7,6,7,6,7,6,7,6,6,2,1,2,2,1,2,2,2
991,6,7,7,7,1,2,1,2,7,7,6,7,6,7,7,6,7,6,7,7,3,6,5,5,1,1,1,2,2,2,2,3
992,6,6,6,6,2,2,2,1,7,7,7,7,6,6,7,7,7,7,7,7,6,5,5,3,1,1,1,1,1,2,2,2
993,5,6,5,5,3,5,2,2,6,5,6,5,7,7,6,5,7,5,7,7,5,6,6,5,3,1,3,2,2,1,2,1
994,6,7,6,7,3,2,2,5,5,6,7,5,6,5,7,5,5,6,7,5,6,6,2,5,1,1,2,2,1,2,2,2
995,7,7,6,7,6,6,7,6,7,6,6,6,7,6,7,6,6,6,7,6,7,7,6,6,1,2,2,2,2,2,1,1
996,7,7,7,6,7,5,6,6,6,7,5,6,5,6,6,7,6,7,6,5,7,7,6,6,3,1,2,1,2,2,2,2
997,7,6,6,6,6,6,6,7,6,6,5,6,7,6,6,6,6,7,6,5,7,6,6,5,3,1,2,1,1,1,2,3
998,6,7,6,7,7,6,7,6,7,6,6,6,7,7,6,7,7,7,6,7,6,6,7,7,2,1,1,1,2,2,2,1
999,7,7,7,7,7,7,7,7,7,7,7,7,7,7,7,7,7,7,7,7,7,7,7,7,1,1,1,1,2,1,2,2
1000,7,6,5,5,7,6,6,7,6,5,6,6,6,7,7,6,7,6,6,7,6,7,6,7,1,2,1,1,1,1,2,3
1001,6,7,7,7,7,6,7,7,6,6,6,6,6,6,6,6,6,6,5,6,7,6,6,6,2,2,1,2,1,2,1,1
1002,6,6,7,7,7,6,6,7,5,7,7,6,6,7,6,5,6,7,6,6,6,6,6,5,2,2,2,2,1,2,2,2
1003,5,7,6,6,7,5,6,7,6,5,7,5,6,6,5,5,6,5,6,7,7,7,6,7,2,2,1,1,1,1,2,3
1004,7,6,7,7,7,7,6,7,7,7,7,7,6,7,6,7,6,6,7,6,6,6,7,7,2,1,1,1,1,3,2,3
1005,6,7,6,7,6,7,7,6,7,6,7,6,6,6,7,7,6,7,6,6,6,6,7,6,1,2,2,2,2,1,2,1
1006,7,7,6,7,7,7,6,7,6,7,6,6,7,6,7,6,7,7,6,7,6,6,7,6,1,2,2,2,2,1,2,1
1007,6,7,7,6,1,1,3,2,7,6,6,6,6,6,7,6,6,6,7,7,6,5,6,6,1,2,2,2,1,2,2,2
1008,4,5,4,3,6,6,6,3,4,6,6,6,6,4,6,6,4,6,3,6,6,6,6,6,5,3,5,3,1,2,2,2
1009,6,7,6,7,6,6,7,6,7,6,6,6,7,6,7,6,6,6,6,7,6,6,7,7,1,2,2,2,1,3,3,1
1010,7,6,7,7,5,4,2,2,7,7,7,6,7,6,7,6,7,7,6,6,6,7,6,6,1,1,2,1,2,1,1,2
1011,7,7,7,7,6,7,7,7,6,7,7,7,7,7,7,7,7,7,7,7,7,7,7,7,1,1,1,1,2,2,2,2
1012,7,7,7,7,1,7,1,1,7,7,7,7,7,7,7,7,7,7,7,7,6,5,5,7,1,1,1,1,1,1,2,2
1013,5,7,7,7,5,7,6,7,5,6,6,6,7,6,5,7,5,7,6,5,7,5,7,5,2,1,2,2,1,1,2,3
1014,5,5,5,5,6,6,5,5,4,5,6,5,5,6,5,6,6,6,5,5,5,5,5,4,1,2,2,1,1,1,2,3
1015,6,7,7,6,6,6,7,6,7,6,6,6,7,6,7,6,6,6,7,6,7,7,7,7,2,2,2,2,2,2,2,1
1016,6,5,6,4,3,4,6,6,7,4,6,6,4,7,7,2,6,6,6,4,6,6,4,6,1,1,4,4,1,2,2,2
1017,7,7,7,7,7,7,7,7,7,7,7,7,7,7,7,7,7,7,7,7,7,7,7,7,1,1,1,1,1,1,2,3
1018,7,6,7,6,6,5,6,7,6,5,6,5,7,6,5,7,5,5,7,6,5,6,7,7,1,2,1,1,1,2,2,2
1019,7,6,7,7,6,6,7,7,7,7,6,6,6,7,7,6,7,6,6,7,7,7,6,7,2,2,1,2,2,2,2,1
1020,7,6,7,6,7,7,7,7,7,7,7,6,7,7,6,6,6,6,7,6,6,7,5,6,1,2,2,1,2,3,2,2
1021,7,6,7,6,6,6,7,6,7,6,6,7,6,7,6,7,7,7,6,7,7,7,7,6,1,1,1,1,2,2,1,1
1022,3,6,5,4,4,4,6,5,6,4,5,5,7,5,4,5,4,4,6,4,6,6,4,4,2,4,4,4,2,2,1,1
1023,6,5,6,7,7,5,6,7,5,5,7,5,6,7,5,5,5,5,6,6,4,7,5,5,3,1,1,3,2,3,2,2
1024,7,6,7,7,6,6,7,6,7,7,7,7,7,7,7,7,6,6,7,7,6,7,6,6,1,2,1,2,1,3,2,3
1025,6,6,6,6,6,2,6,3,6,5,6,6,5,6,5,6,6,6,5,6,6,5,6,5,2,3,1,1,1,1,3,2
1026,5,7,5,7,4,2,2,5,7,7,6,6,6,5,6,4,6,6,7,7,6,6,6,6,1,3,2,1,1,1,1,2
1027,6,7,6,7,7,7,6,7,6,7,7,7,6,7,6,7,6,7,7,7,7,7,7,7,2,1,1,1,1,1,1,1
1028,7,7,7,7,7,7,7,7,7,7,7,7,7,7,7,7,7,7,7,7,7,7,7,7,1,1,1,1,1,1,2,2
1029,7,6,7,6,2,2,2,2,7,5,6,6,7,6,7,6,7,7,6,5,6,6,7,7,2,1,1,1,1,1,2,3
1030,5,5,6,7,5,6,6,7,7,5,6,7,7,5,5,6,5,6,6,7,7,6,5,6,2,1,3,2,1,1,2,3
1031,4,5,3,5,6,5,4,5,4,5,5,5,4,5,4,5,5,5,3,5,4,3,5,3,3,4,5,4,1,1,2,1
1032,5,4,3,5,3,4,5,4,5,4,5,6,4,4,6,5,5,6,5,4,5,4,6,5,2,2,2,4,1,2,2,3
1033,5,7,6,5,6,6,7,6,7,5,7,7,6,7,6,5,7,7,6,6,7,6,7,6,1,2,2,1,1,1,2,1
1034,6,6,6,6,7,6,2,3,6,6,6,7,7,7,7,6,6,6,6,6,3,5,4,4,1,1,2,1,2,2,2,3
1035,6,5,7,6,4,6,5,7,5,5,7,5,6,7,5,4,7,5,7,6,5,7,5,6,1,2,2,2,2,3,2,3
1036,5,7,6,5,3,3,3,1,7,6,6,6,5,6,5,7,5,7,7,6,5,4,5,5,2,2,1,2,1,3,3,2
1037,7,7,7,7,1,2,2,2,7,7,7,7,7,7,7,7,7,6,7,6,5,5,5,4,1,1,1,1,2,2,2,2
1038,6,7,6,7,6,6,7,6,7,6,6,7,6,7,6,7,7,7,6,7,6,6,7,7,2,1,1,1,2,2,1,1
1039,6,7,6,7,7,7,6,7,6,7,6,6,6,7,6,6,6,7,6,7,6,6,7,6,2,1,1,2,1,2,2,2
1040,6,6,5,6,1,2,1,1,7,7,7,6,7,7,6,7,6,7,6,7,3,6,6,6,1,1,1,2,2,2,2,3
1041,6,7,6,7,7,7,6,7,6,7,6,7,6,7,7,6,7,7,6,7,7,7,6,6,1,2,2,2,2,2,1,1
1042,7,6,7,6,7,6,7,6,7,6,6,6,6,5,7,6,5,6,7,6,6,6,5,5,2,3,3,2,1,2,3,2
1043,7,7,7,7,1,1,1,1,7,7,7,7,7,7,7,7,7,7,7,7,5,6,4,5,1,1,1,1,1,1,3,3
1044,6,5,7,6,6,6,5,6,7,6,7,6,5,5,6,7,5,7,5,6,6,6,5,7,3,3,1,3,2,3,3,3
1045,6,7,6,7,7,7,7,7,6,7,6,7,6,7,6,7,7,7,6,6,7,7,7,6,1,2,2,2,1,3,2,3
1046,6,7,7,6,7,7,7,7,7,7,7,7,6,6,6,7,7,7,7,7,7,7,7,7,1,1,1,1,2,3,2,2
1047,6,6,5,6,1,2,1,1,7,7,7,6,7,7,6,7,6,7,6,7,3,6,6,6,1,1,1,2,1,2,2,3
1048,7,7,7,7,1,1,1,1,7,7,7,7,7,7,7,7,7,7,7,7,6,7,7,7,1,1,1,1,2,3,1,2
1049,7,5,5,5,6,6,5,7,6,5,5,7,6,7,5,7,6,5,7,6,6,6,7,6,1,2,1,1,1,2,1,3
1050,6,7,6,7,7,7,6,6,6,7,6,7,6,7,6,7,7,7,6,7,7,7,6,6,1,1,1,1,2,1,2,1
1051,6,6,6,6,4,4,4,4,5,5,5,5,5,5,5,5,5,5,5,5,5,5,5,4,3,3,3,3,2,1,2,2
1052,7,6,7,7,6,7,6,7,6,7,7,7,7,6,7,6,7,7,6,7,6,6,7,6,1,2,2,2,2,1,2,1
1053,6,7,6,7,6,2,7,6,6,6,6,5,7,6,7,6,6,6,6,7,6,6,7,7,2,1,1,2,1,3,2,2
1054,6,6,6,6,6,6,6,5,6,6,5,6,5,6,6,6,6,5,6,7,6,6,7,6,1,2,1,2,1,2,2,2
1055,6,7,6,7,6,6,7,6,7,6,6,6,7,6,7,6,6,6,7,6,7,7,6,6,1,2,2,2,1,2,2,1
1056,4,6,4,4,6,6,5,5,6,4,4,4,5,6,4,6,4,4,5,4,5,4,5,5,4,2,3,3,1,2,2,2
1057,4,6,4,6,5,4,6,4,5,7,6,6,5,6,3,6,6,6,4,6,4,5,4,4,2,4,4,4,1,2,1,1
1058,6,5,6,5,5,3,6,3,6,7,7,6,5,6,5,7,6,7,5,7,5,5,6,6,3,2,2,2,1,1,3,2
1059,5,6,6,5,7,6,6,5,5,6,6,5,7,5,5,6,6,6,6,6,6,6,7,6,2,2,2,2,1,2,1,2
1060,5,6,6,5,4,2,2,4,6,6,6,5,6,6,6,7,6,6,6,7,6,5,5,4,2,2,1,2,2,2,2,2
1061,7,6,7,7,7,6,7,6,6,7,7,6,7,6,6,7,6,7,6,7,6,6,6,6,2,1,1,1,1,2,2,2
1062,7,6,7,6,7,7,6,7,6,6,6,6,6,7,6,7,7,7,6,7,6,7,6,6,1,2,2,2,2,2,1,1
1063,5,7,5,5,7,7,7,7,5,5,5,5,7,7,5,7,7,7,6,7,6,7,5,6,1,1,1,1,1,1,3,2
1064,6,6,6,6,1,1,3,2,7,6,7,6,6,6,7,7,6,6,7,6,7,6,6,5,1,1,1,1,1,1,2,2
1065,6,6,6,6,6,6,6,7,7,7,7,7,7,7,7,7,6,6,6,6,6,6,6,6,2,2,1,1,1,1,2,1
1066,7,6,7,6,6,6,7,7,7,6,6,6,7,6,7,6,6,6,7,7,6,6,7,6,1,2,2,1,2,2,1,1
1067,7,7,6,7,1,2,3,1,7,7,6,6,7,7,6,6,7,6,7,5,6,6,7,6,1,1,1,1,1,1,2,3
1068,6,7,7,7,7,7,7,7,6,7,7,7,6,7,7,7,7,7,7,7,6,7,7,7,1,2,1,1,1,2,2,3
1069,6,5,7,6,5,6,5,7,5,5,7,6,5,6,5,6,4,5,7,6,5,4,6,7,1,3,2,1,1,3,2,3
1070,6,7,7,7,7,7,7,6,7,6,6,7,6,7,7,6,7,7,7,7,7,7,7,7,1,1,1,1,2,2,2,2
1071,6,7,4,6,6,7,5,4,7,5,7,6,7,6,4,6,7,5,7,6,4,6,7,4,2,1,2,1,2,3,3,3
1072,7,6,6,6,7,6,6,6,6,6,6,6,6,6,6,6,6,7,6,6,6,7,6,6,2,1,2,2,1,1,2,2
1073,6,7,6,7,7,7,6,6,6,5,5,7,7,6,7,7,7,7,5,6,7,6,7,7,3,1,2,2,2,2,2,3
1074,6,7,6,6,6,7,6,6,7,6,7,6,6,6,7,6,6,6,6,6,7,6,6,6,2,1,2,1,1,3,1,2
1075,6,7,7,6,6,6,6,6,7,6,6,7,7,7,7,7,7,7,6,7,7,7,6,6,1,2,2,1,2,1,2,2
1076,7,7,7,7,1,2,2,2,7,6,7,7,7,7,7,7,6,6,6,6,5,5,5,2,1,2,1,1,2,2,2,2
1077,6,5,6,5,5,3,2,1,4,5,7,5,6,7,6,5,5,7,6,5,6,5,6,4,3,2,2,2,1,1,2,2
1078,6,7,6,7,7,7,6,7,6,7,7,7,6,7,6,7,7,7,6,7,6,6,7,7,2,1,1,1,1,3,1,1
1079,5,6,7,6,5,6,7,6,5,6,6,5,6,6,5,7,6,7,6,6,5,7,5,6,3,2,2,2,2,3,2,3
1080,6,7,6,7,6,6,7,7,6,7,7,7,6,6,7,7,7,7,6,7,6,6,7,7,2,1,2,2,2,1,2,1
1081,7,7,6,6,7,7,6,7,6,7,7,7,7,6,7,6,7,7,6,7,6,7,6,6,1,2,2,2,2,1,2,1
1082,7,5,5,7,6,7,5,5,6,6,7,5,6,6,7,7,5,6,7,7,5,6,6,7,1,2,3,2,1,1,2,3
1083,7,7,7,7,1,2,3,2,7,7,6,6,6,7,6,6,6,5,6,6,6,6,6,5,1,1,1,1,1,2,1,3
1084,5,5,6,5,5,5,4,5,6,5,5,5,5,5,5,4,5,6,5,5,5,5,6,4,3,3,3,2,2,1,2,1
1085,7,7,7,7,2,1,1,1,7,7,7,7,7,7,7,7,7,7,7,7,7,6,5,6,1,1,1,1,2,2,2,2
1086,7,6,7,6,6,2,6,6,7,6,7,7,6,5,7,6,6,7,5,7,7,7,6,6,1,1,1,2,1,3,1,2
1087,7,7,7,7,6,7,6,7,6,6,6,7,6,6,7,7,7,7,6,6,6,7,6,6,1,2,1,1,2,2,2,2
1088,6,7,6,7,7,2,7,6,6,7,5,6,7,6,7,6,6,6,7,6,7,7,6,5,1,2,2,2,1,2,2,2
1089,7,7,6,7,7,7,6,7,6,7,6,7,6,7,6,7,7,7,6,7,7,6,7,7,2,1,1,1,2,2,2,2
1090,7,6,5,6,7,4,6,7,5,4,5,7,6,5,7,6,7,5,6,7,6,5,6,6,1,3,2,3,2,3,2,3
1091,6,5,6,6,5,2,6,3,7,5,5,5,6,7,6,6,6,5,7,5,6,7,6,5,1,3,2,2,2,1,2,2
1092,7,7,7,6,2,1,2,1,7,7,6,6,7,6,7,6,6,6,7,7,7,5,3,6,1,1,1,1,1,2,3,2
1093,6,7,7,7,4,3,2,1,7,7,7,7,6,6,7,7,7,7,7,7,7,6,6,6,1,1,1,1,1,1,2,2
1094,6,5,7,7,6,5,4,6,7,5,6,7,4,6,5,6,6,6,5,5,6,6,7,5,2,3,1,3,2,3,2,3
1095,7,6,7,6,7,7,6,7,6,7,7,7,6,7,6,7,7,7,6,7,6,6,7,7,2,1,1,1,2,2,2,2
1096,7,6,7,7,6,6,7,7,6,7,7,7,6,7,7,7,7,7,6,7,6,6,7,6,1,2,1,1,2,2,1,1
1097,6,6,6,6,6,6,6,6,6,6,6,6,7,6,6,6,7,6,6,6,6,6,7,6,1,1,2,1,2,2,1,1
1098,7,7,6,7,7,7,6,6,6,7,7,6,6,7,6,7,6,6,6,7,6,7,6,6,1,2,2,2,2,2,1,1
1099,6,6,5,6,6,5,7,5,7,6,6,6,6,6,6,6,6,6,6,6,6,6,6,6,2,2,2,3,1,1,3,2
1100,7,7,7,7,7,7,7,7,7,7,7,7,7,7,7,7,7,7,7,7,7,7,7,7,2,1,1,1,1,2,2,2
1101,7,7,7,7,6,7,7,7,7,7,7,7,7,7,7,7,6,7,7,7,6,7,7,6,1,1,1,2,1,1,2,1
1102,7,6,7,6,6,6,7,6,6,7,7,7,6,7,6,7,6,6,7,6,7,6,6,6,2,3,2,3,1,1,3,2
1103,7,6,7,6,6,7,7,6,7,6,7,7,7,6,7,6,7,6,7,7,7,7,6,6,1,1,2,2,1,2,1,1
1104,7,7,7,7,7,7,7,7,7,7,7,7,7,7,7,7,7,7,7,7,7,7,7,7,1,1,1,1,1,1,3,3
1105,7,7,7,7,4,7,4,1,7,7,7,7,7,7,7,7,7,7,7,7,7,7,7,7,1,1,1,1,1,1,2,2
1106,6,5,6,6,5,6,6,5,6,5,7,6,5,6,6,6,6,6,5,7,6,6,5,5,2,3,2,1,2,1,2,1
1107,7,6,7,6,6,6,7,6,7,6,6,6,7,6,7,6,6,6,7,6,7,7,7,7,1,2,2,2,2,2,2,1
1108,6,6,7,5,5,4,6,5,6,5,6,6,6,7,6,6,6,5,7,6,6,5,3,6,1,1,2,3,1,1,2,2
1109,6,7,7,6,2,1,1,1,7,6,6,7,7,6,7,7,7,7,7,7,5,5,5,3,1,1,1,1,2,2,2,2
1110,7,6,6,6,7,6,6,6,7,6,6,6,7,6,7,6,6,6,7,6,7,7,7,7,2,1,1,2,2,1,2,3
1111,7,6,5,6,5,2,6,2,7,5,5,6,6,7,5,7,5,6,6,6,6,6,7,6,3,2,2,1,1,2,2,2
1112,6,6,6,6,7,6,6,6,6,7,6,6,7,7,6,6,7,6,6,6,7,6,7,6,2,2,2,1,2,1,3,1
1113,6,6,7,6,7,4,2,2,6,6,6,6,5,5,4,5,5,6,6,6,6,5,5,5,3,2,3,2,1,2,2,2
1114,7,5,6,6,3,4,3,2,6,6,6,6,6,5,6,7,6,6,7,6,5,6,5,7,2,3,1,3,2,2,2,3
1115,7,7,6,7,6,6,7,6,7,7,6,6,6,6,7,6,6,7,6,6,6,6,6,7,1,1,2,1,2,3,2,3
1116,7,7,7,7,7,7,7,7,7,7,7,7,7,7,7,6,7,6,7,6,7,6,7,6,2,2,2,2,2,2,2,2
1117,7,7,6,7,6,6,7,7,6,7,6,6,7,6,7,7,7,7,7,6,7,6,7,7,2,2,1,1,2,2,1,1
1118,7,7,7,7,7,7,7,7,7,7,7,7,6,7,7,6,7,7,7,6,7,7,7,7,2,1,1,2,2,2,2,2
1119,6,7,6,7,7,7,6,7,6,7,6,6,6,7,7,6,7,7,6,7,6,6,7,7,2,1,1,2,2,1,2,1
1120,7,6,6,6,6,6,6,6,6,6,6,6,6,6,6,7,6,6,6,6,7,6,7,7,2,2,2,2,2,2,1,1
1121,6,7,6,7,6,6,7,6,7,6,7,7,6,7,6,7,7,7,6,7,6,6,7,7,2,1,1,1,2,2,1,1
1122,6,7,7,7,6,7,6,7,6,7,6,6,5,6,6,7,5,6,7,6,6,6,5,7,2,1,3,2,1,1,1,3
1123,7,7,6,7,7,7,6,7,6,7,7,7,6,7,6,7,7,7,6,7,6,7,7,7,2,1,1,1,2,1,2,1
1124,7,7,6,6,7,7,6,7,7,6,6,7,6,7,7,6,7,7,7,6,7,7,7,7,2,1,2,2,2,2,2,2
1125,6,7,7,7,4,5,4,1,7,7,7,7,7,7,7,7,7,7,6,7,4,6,4,6,1,1,1,1,2,2,2,3
1126,7,6,7,6,7,7,7,7,7,7,7,7,7,7,7,7,7,7,7,7,7,6,7,6,1,1,2,1,1,1,2,1
1127,7,7,6,7,1,1,2,3,6,6,6,6,7,6,6,6,6,6,6,6,6,6,6,6,1,1,1,1,1,1,1,2
1128,7,7,7,6,6,6,7,6,6,7,6,7,6,6,6,7,6,6,6,6,6,7,7,7,1,1,2,2,1,2,2,3
1129,5,4,6,6,6,6,5,6,5,6,7,6,5,6,5,7,6,6,5,6,7,5,6,6,3,2,2,2,2,3,2,3
1130,7,6,5,7,5,6,3,6,7,7,7,6,7,7,6,6,6,7,6,6,5,6,5,4,2,2,1,1,2,3,1,1
1131,6,5,6,7,2,3,2,3,7,7,7,7,7,7,6,7,6,7,6,6,7,6,6,6,1,1,2,1,1,1,2,3
1132,5,6,6,6,6,5,6,5,7,6,6,6,6,5,6,5,7,5,6,5,6,6,5,5,1,2,2,2,1,2,2,3
1133,5,5,6,4,5,4,5,6,5,5,7,5,6,6,4,6,6,6,5,6,7,5,6,7,3,2,1,2,2,3,2,3
1134,7,6,7,6,2,2,1,3,6,7,7,6,6,6,7,6,7,7,6,6,7,5,4,5,1,2,2,1,1,2,2,2
1135,6,7,5,6,6,6,7,5,5,6,7,7,5,5,6,4,5,7,5,6,6,6,7,6,2,3,2,2,2,3,2,3
1136,6,7,6,7,7,7,6,7,6,7,6,6,6,7,7,6,6,6,7,6,7,7,6,6,1,2,1,1,2,2,2,1
1137,7,5,5,6,5,5,4,6,7,5,6,6,7,6,5,6,6,6,7,6,5,6,7,4,3,2,3,2,2,3,2,3
1138,5,6,7,4,5,5,3,2,7,5,5,7,5,6,7,6,7,5,4,6,5,6,4,6,1,2,2,1,2,3,2,3
1139,5,5,6,6,6,6,5,6,5,5,7,5,6,5,6,6,5,5,5,6,7,5,6,6,3,1,2,3,2,1,2,2
1140,7,7,7,7,2,3,2,1,6,7,7,7,7,7,7,7,5,6,7,6,7,7,7,7,1,1,1,1,1,1,2,2
1141,7,6,6,7,5,2,6,2,7,5,6,6,7,5,7,6,5,6,7,5,6,5,7,7,2,3,2,1,2,2,3,2
1142,6,6,5,6,6,5,5,5,6,5,6,5,6,6,6,7,6,7,6,5,6,6,6,5,2,2,2,2,1,1,2,2
1143,6,6,6,7,7,7,7,6,6,6,6,7,6,6,6,7,6,6,6,7,7,7,7,7,1,2,1,1,2,2,2,2
1144,6,6,6,6,7,6,6,6,6,6,6,6,6,6,6,7,6,6,6,7,7,7,7,7,1,2,1,1,2,2,2,2
1145,7,6,7,6,7,7,6,7,6,7,7,7,6,7,7,6,6,6,7,7,6,6,7,7,2,1,1,1,2,1,2,1
1146,5,5,6,5,5,7,6,5,6,5,7,7,7,5,5,7,7,5,5,7,6,5,7,5,2,1,2,1,2,3,2,3
1147,6,7,7,7,6,7,6,6,6,7,6,6,6,6,7,6,6,6,7,6,7,7,7,7,2,2,2,2,2,2,1,2
1148,7,6,7,7,6,6,6,6,7,7,7,6,7,6,6,6,6,6,6,5,6,7,6,6,2,2,1,2,2,2,2,1
1149,7,7,7,7,7,7,7,7,7,7,7,7,7,7,7,7,7,7,6,7,6,5,5,5,1,1,1,1,2,1,3,2
1150,7,6,7,7,7,7,6,6,7,6,7,6,7,7,6,7,7,7,7,6,6,7,6,6,1,1,1,1,2,1,2,3
1151,6,5,6,5,6,7,5,5,6,6,6,6,5,7,5,6,6,7,6,5,6,6,6,6,3,1,2,2,1,2,2,2
1152,6,7,6,7,6,6,7,7,6,7,6,7,6,7,7,7,7,7,7,7,6,7,6,7,1,2,1,1,2,2,2,2
1153,7,6,5,6,5,6,5,6,7,6,5,6,6,7,6,5,5,7,5,4,6,5,6,5,2,3,2,2,2,3,2,3
1154,6,5,5,5,6,6,7,6,5,6,5,6,6,6,5,6,6,5,6,6,5,5,7,5,2,2,1,3,2,1,2,1
1155,7,6,7,7,7,7,5,6,7,6,6,5,6,5,7,7,7,6,6,6,7,6,6,5,1,1,2,1,2,1,2,3
1156,7,7,7,7,7,7,7,7,7,7,7,7,7,7,6,7,7,7,7,7,7,6,6,6,1,1,1,1,2,2,2,1
1157,6,7,6,7,7,7,6,7,6,7,7,6,7,6,7,6,7,7,6,7,6,6,7,7,2,1,1,1,2,2,2,1
1158,5,6,5,6,5,6,3,2,5,6,7,4,5,6,6,5,6,4,6,5,6,6,5,5,2,2,3,2,2,2,2,3
1159,7,5,7,6,5,2,7,2,7,6,6,5,6,7,6,6,7,6,7,6,6,5,7,7,2,2,3,3,2,2,3,2
1160,7,6,6,7,5,5,6,5,7,6,5,7,5,6,5,6,7,7,6,6,7,7,6,5,1,3,3,2,2,2,2,2
1161,6,6,6,6,6,6,5,4,6,6,6,6,7,7,7,7,7,7,7,7,7,6,6,7,2,2,1,1,2,1,2,1
1162,7,6,7,6,7,7,6,7,6,7,7,7,7,7,6,7,7,7,7,7,6,7,7,7,1,1,1,2,2,2,2,1
1163,7,6,7,7,6,6,6,6,7,6,6,6,6,6,7,6,6,7,6,7,6,6,7,6,2,2,2,2,2,3,1,2
1164,6,6,7,6,6,6,6,7,7,6,6,6,6,7,6,6,6,6,6,6,6,6,6,7,2,2,2,1,1,2,2,3
1165,6,7,6,5,7,5,6,4,3,4,7,4,4,6,6,4,7,3,4,6,6,3,4,4,2,3,2,4,2,2,1,2
1166,6,7,6,7,7,6,7,7,7,6,5,7,6,7,7,6,7,7,6,7,6,7,6,7,1,2,2,2,2,2,2,3
1167,7,7,6,5,7,6,5,5,6,6,5,6,6,7,6,7,6,7,6,7,4,5,6,6,3,2,3,2,1,3,2,1
1168,7,7,7,7,7,7,6,6,6,7,6,7,6,6,7,6,7,7,6,7,7,6,6,7,2,1,1,1,2,2,2,1
1169,7,6,7,7,6,6,7,6,6,6,6,6,6,6,7,6,7,7,7,6,7,7,6,7,2,1,2,2,2,2,2,1
1170,4,6,7,6,4,6,4,2,5,6,4,6,7,5,4,5,5,5,6,7,6,4,5,6,2,4,2,3,2,3,2,3
1171,7,7,7,7,7,3,1,1,7,7,7,7,7,7,7,7,7,7,7,7,7,7,4,6,1,1,1,1,2,1,2,1
1172,5,6,7,5,6,5,6,5,5,6,7,6,4,5,6,7,5,6,7,5,5,7,4,4,3,1,3,1,1,3,1,1
1173,7,6,6,6,7,6,7,7,6,7,7,7,7,6,7,6,7,7,6,7,6,7,7,7,1,2,2,2,1,2,2,2
1174,4,4,7,7,5,4,6,4,3,4,5,3,6,6,6,5,6,6,5,6,4,5,6,4,4,2,1,3,1,1,2,3
1175,5,6,7,6,6,6,5,6,7,6,5,6,7,6,4,5,6,5,6,5,7,6,5,5,3,2,1,2,2,3,2,2
1176,6,7,7,6,6,7,6,7,7,6,7,7,7,6,7,7,6,7,6,7,7,7,7,7,2,1,1,2,2,2,2,1
1177,7,7,6,7,2,2,1,2,7,6,6,6,7,6,7,6,6,6,7,6,7,6,7,7,2,1,2,2,2,2,2,2
1178,6,7,5,6,5,2,6,2,7,5,6,5,6,7,5,7,7,5,6,6,7,7,6,7,2,3,2,2,1,3,2,1
1179,7,6,6,7,3,3,3,2,7,6,7,7,6,6,7,6,7,7,7,6,5,6,5,5,1,2,2,1,1,1,2,2
1180,6,5,6,7,5,6,7,5,6,5,6,6,5,7,6,6,7,6,5,6,5,7,7,6,3,2,2,1,1,1,2,2
1181,6,7,7,6,2,1,2,2,7,6,6,6,6,7,6,7,7,7,6,7,7,7,6,7,2,2,2,2,1,1,2,3
1182,4,5,4,5,5,5,6,4,6,4,4,5,5,4,5,4,5,5,3,5,6,5,4,3,3,4,5,4,1,1,2,3
1183,6,7,6,7,2,2,2,2,7,6,7,7,7,6,7,6,6,6,7,7,6,6,6,7,2,1,1,1,2,1,2,3
1184,7,6,7,7,2,2,1,2,7,7,6,7,7,6,7,7,6,6,6,7,6,7,6,6,1,2,1,1,1,1,2,3
1185,7,7,7,7,2,2,3,3,6,6,6,7,6,7,7,6,6,7,7,7,6,6,6,5,2,2,1,1,1,2,2,2
1186,7,6,7,6,3,1,3,4,7,6,7,7,6,7,7,6,7,6,7,7,5,6,4,5,1,1,1,2,2,2,2,2
1187,7,5,5,5,7,5,7,6,5,6,7,5,7,5,4,7,7,5,7,6,7,6,5,4,1,2,1,1,2,3,3,3
1188,7,6,7,6,2,1,1,1,7,6,7,7,7,6,7,7,7,7,6,7,7,6,7,6,1,2,2,1,2,1,2,2
1189,7,7,5,6,3,6,2,1,7,6,7,6,7,5,7,7,6,7,6,7,7,7,6,5,1,1,4,1,2,2,3,3
1190,7,7,6,7,2,1,2,1,7,6,6,7,6,7,7,7,7,6,6,7,5,5,5,7,1,1,2,1,2,2,2,2
1191,7,7,7,7,4,4,5,5,6,7,7,6,6,6,6,6,6,6,6,6,6,6,6,6,2,2,1,1,2,1,2,2
1192,6,7,7,7,3,5,2,5,6,7,6,7,6,6,7,6,6,7,7,6,6,6,6,6,2,1,2,2,2,2,2,2
1193,6,5,6,6,1,1,1,1,7,6,7,7,7,6,6,7,7,6,7,7,7,7,7,7,1,2,2,1,2,1,2,2
